Workbook

Sheet Total
B2: 순 | C2: 고객명 | E2: 전체수주가 | F2: 2026년 수주가 | G2: 2027년 수주가 | H2: 입금 총액 | I2: 2026년 잔금 | J2: 미수금 | K2: 비고
B3: 1 | C3: 지아이씨 | E3: ='1.지아이씨'!L34 -> 0 | F3: ='1.지아이씨'!M34 -> 0 | G3: ='1.지아이씨'!N34 -> 0 | H3: ='1.지아이씨'!P34 -> 0 | I3: =F3-H3 -> 0 | J3: ='1.지아이씨'!Q34 -> 0
B4: 2 | C4: 현대로템 | E4: ='2.현대로템'!L34 -> 294790700 | F4: ='2.현대로템'!M34 -> 294790700 | G4: ='2.현대로템'!N34 -> 0 | H4: ='2.현대로템'!P34 -> 0 | I4: =F4-H4 -> 294790700 | J4: ='2.현대로템'!Q34 -> 0
B5: 3 | C5: HST (튀르키예) | E5: ='3.HST_Turkey'!L34 -> 0 | F5: ='3.HST_Turkey'!M34 -> 0 | G5: ='3.HST_Turkey'!N34 -> 0 | H5: ='3.HST_Turkey'!P34 -> 0 | I5: =F5-H5 -> 0 | J5: ='3.HST_Turkey'!Q34 -> 0
B6: 4 | C6: 인터모빌리티 | E6: ='4.인터모빌리티'!L34 -> 18312700 | F6: ='4.인터모빌리티'!M34 -> 18312700 | G6: ='4.인터모빌리티'!N34 -> 0 | H6: ='4.인터모빌리티'!P34 -> 0 | I6: =F6-H6 -> 18312700 | J6: ='4.인터모빌리티'!Q34 -> 0
B7: 5 | C7: GMTECH | E7: ='5.GMTECH'!L34 -> 24632800 | F7: ='5.GMTECH'!M34 -> 24632800 | G7: ='5.GMTECH'!N34 -> 0 | H7: ='5.GMTECH'!P34 -> 0 | I7: =F7-H7 -> 24632800 | J7: ='5.GMTECH'!Q34 -> 0
B8: 6 | C8: 다원시스 | E8: ='6.다원시스'!L34 -> 56000000 | F8: ='6.다원시스'!M34 -> 56000000 | G8: ='6.다원시스'!N34 -> 0 | H8: ='6.다원시스'!P34 -> 0 | I8: =F8-H8 -> 56000000 | J8: ='6.다원시스'!Q34 -> 0
B9: 7 | C9: 서울교통공사 | E9: ='7.서울교통공사'!L34 -> 0 | F9: ='7.서울교통공사'!M34 -> 0 | G9: ='7.서울교통공사'!N34 -> 0 | H9: ='7.서울교통공사'!P34 -> 0 | I9: =F9-H9 -> 0 | J9: ='7.서울교통공사'!Q34 -> 0
B10: 8-1 | C10: 기타 | D10: 김포골드라인 | E10: =SUMIF('7.기타'!$C$4:$C$33, Total!D10, '7.기타'!$L$3:$L$32) -> 0 | F10: =SUMIF('7.기타'!$C$4:$C$33, Total!E10, '7.기타'!$M$3:$M$32) -> 0 | G10: =SUMIF('7.기타'!$C$4:$C$33, Total!F10, '7.기타'!$N$3:$N$32) -> 0 | H10: =SUMIF('7.기타'!$C$4:$C$33, Total!F10, '7.기타'!$P$3:$P$32) -> 0 | I10: =F10-H10 -> 0 | J10: =SUMIF('7.기타'!$C$4:$C$33, Total!G10, '7.기타'!$Q$3:$Q$32) -> 0
B11: 8-2 | D11: 고구려엔지니어링 | E11: =SUMIF('7.기타'!$C$4:$C$33, Total!D11, '7.기타'!$L$3:$L$32) -> 0 | F11: =SUMIF('7.기타'!$C$4:$C$33, Total!E11, '7.기타'!$M$3:$M$32) -> 0 | G11: =SUMIF('7.기타'!$C$4:$C$33, Total!F11, '7.기타'!$N$3:$N$32) -> 0 | H11: =SUMIF('7.기타'!$C$4:$C$33, Total!F11, '7.기타'!$P$3:$P$32) -> 0 | I11: =F11-H11 -> 0 | J11: =SUMIF('7.기타'!$C$4:$C$33, Total!G11, '7.기타'!$Q$3:$Q$32) -> 0
B12: 8-3 | D12: 실리콘큐브 | E12: =SUMIF('7.기타'!$C$4:$C$33, Total!D12, '7.기타'!$L$3:$L$32) -> 0 | F12: =SUMIF('7.기타'!$C$4:$C$33, Total!E12, '7.기타'!$M$3:$M$32) -> 0 | G12: =SUMIF('7.기타'!$C$4:$C$33, Total!F12, '7.기타'!$N$3:$N$32) -> 0 | H12: =SUMIF('7.기타'!$C$4:$C$33, Total!F12, '7.기타'!$P$3:$P$32) -> 0 | I12: =F12-H12 -> 0 | J12: =SUMIF('7.기타'!$C$4:$C$33, Total!G12, '7.기타'!$Q$3:$Q$32) -> 0
B13: 8-4 | D13: 무한테크 | E13: =SUMIF('7.기타'!$C$4:$C$33, Total!D13, '7.기타'!$L$3:$L$32) -> 0 | F13: =SUMIF('7.기타'!$C$4:$C$33, Total!E13, '7.기타'!$M$3:$M$32) -> 0 | G13: =SUMIF('7.기타'!$C$4:$C$33, Total!F13, '7.기타'!$N$3:$N$32) -> 0 | H13: =SUMIF('7.기타'!$C$4:$C$33, Total!F13, '7.기타'!$P$3:$P$32) -> 0 | I13: =F13-H13 -> 0 | J13: =SUMIF('7.기타'!$C$4:$C$33, Total!G13, '7.기타'!$Q$3:$Q$32) -> 0
B14: 8-5 | D14: 티랩 | E14: =SUMIF('7.기타'!$C$4:$C$33, Total!D14, '7.기타'!$L$3:$L$32) -> 0 | F14: =SUMIF('7.기타'!$C$4:$C$33, Total!E14, '7.기타'!$M$3:$M$32) -> 0 | G14: =SUMIF('7.기타'!$C$4:$C$33, Total!F14, '7.기타'!$N$3:$N$32) -> 0 | H14: =SUMIF('7.기타'!$C$4:$C$33, Total!F14, '7.기타'!$P$3:$P$32) -> 0 | I14: =F14-H14 -> 0 | J14: =SUMIF('7.기타'!$C$4:$C$33, Total!G14, '7.기타'!$Q$3:$Q$32) -> 0
B15: 8-6 | D15: 마루소프트 | E15: =SUMIF('7.기타'!$C$4:$C$33, Total!D15, '7.기타'!$L$3:$L$32) -> 0 | F15: =SUMIF('7.기타'!$C$4:$C$33, Total!E15, '7.기타'!$M$3:$M$32) -> 0 | G15: =SUMIF('7.기타'!$C$4:$C$33, Total!F15, '7.기타'!$N$3:$N$32) -> 0 | H15: =SUMIF('7.기타'!$C$4:$C$33, Total!F15, '7.기타'!$P$3:$P$32) -> 0 | I15: =F15-H15 -> 0 | J15: =SUMIF('7.기타'!$C$4:$C$33, Total!G15, '7.기타'!$Q$3:$Q$32) -> 0
B16: 8-7 | D16: 신진금고 | E16: =SUMIF('7.기타'!$C$4:$C$33, Total!D16, '7.기타'!$L$3:$L$32) -> 0 | F16: =SUMIF('7.기타'!$C$4:$C$33, Total!E16, '7.기타'!$M$3:$M$32) -> 0 | G16: =SUMIF('7.기타'!$C$4:$C$33, Total!F16, '7.기타'!$N$3:$N$32) -> 0 | H16: =SUMIF('7.기타'!$C$4:$C$33, Total!F16, '7.기타'!$P$3:$P$32) -> 0 | I16: =F16-H16 -> 0 | J16: =SUMIF('7.기타'!$C$4:$C$33, Total!G16, '7.기타'!$Q$3:$Q$32) -> 0
B17: 8-8 | D17: 위플랫 | E17: =SUMIF('7.기타'!$C$4:$C$33, Total!D17, '7.기타'!$L$3:$L$32) -> 0 | F17: =SUMIF('7.기타'!$C$4:$C$33, Total!E17, '7.기타'!$M$3:$M$32) -> 0 | G17: =SUMIF('7.기타'!$C$4:$C$33, Total!F17, '7.기타'!$N$3:$N$32) -> 0 | H17: =SUMIF('7.기타'!$C$4:$C$33, Total!F17, '7.기타'!$P$3:$P$32) -> 0 | I17: =F17-H17 -> 0 | J17: =SUMIF('7.기타'!$C$4:$C$33, Total!G17, '7.기타'!$Q$3:$Q$32) -> 0
C22: 소계 | E22: =SUM(E3:E21) -> 393736200 | F22: =SUM(F3:F21) -> 393736200 | G22: =SUM(G3:G21) -> 0 | H22: =SUM(H3:H21) -> 0 | I22: =SUM(I3:I21) -> 393736200 | J22: =SUM(J3:J21) -> 0

Sheet 1.지아이씨
B3: 순 | C3: 고객 | D3: 국가 | E3: PO | F3: RFQ no. | G3: 수주일 | H3: 납기 | I3: Item | J3: 구분 | K3: 수량 | L3: 수주금액 (전체) | M3: 수주금액 (2026년) | N3: 수주금액 (2027년) | O3: 청구 (예정) 금액 | P3: 입금 총액 | Q3: 미수금 | R3: 비고 | S3: 대금지불조건
B4: 1 | C4: 지아이씨
L34: =SUM(L4:L33) -> 0 | M34: =SUM(M4:M33) -> 0 | N34: =SUM(N4:N33) -> 0 | O34: =SUM(O4:O33) -> 0 | P34: =SUM(P4:P33) -> 0 | Q34: =SUM(Q4:Q33) -> 0

Sheet 2.현대로템
B3: 순 | C3: 고객 | D3: 국가 | E3: PO | F3: RFQ no. | G3: 수주일 | H3: 납기 | I3: Item | J3: 구분 | K3: 수량 | L3: 수주금액 (전체) | M3: 수주금액 (2026년) | N3: 수주금액 (2027년) | O3: 청구 (예정) 금액 | P3: 입금 총액 | Q3: 미수금 | R3: 비고 | S3: 대금지불조건
B4: 1 | C4: 현대로템 | D4: 홍콩 | G4: 45930 | J4: 신역사 KTU 추가 방송소프트웨어 업데이트 | L4: 294790700 | M4: 294790700 | N4: 0 | O4: 0 | P4: 0 | Q4: =O4-P4 -> 0 | R4: 2025년 수주 이월 / 251231 전자계약 체결(계약일 : PO 발행일 (250930) 소급 적용) | S4: 1. 신호 인터페이스 문서 4종 검토 완료 및 코사인 완료 후 – 전체 발주금액의 15% 2. 설계 및 시험절차서 승인 완료 후 – 전체 발주금액의 15% 3. 소프트웨어 배포 및 현차 시험 완료 - 전체 발주금액의 30% 4. 신호 인터페이스 시험 완료 후 - 전체 발주금액의 40%
L34: =SUM(L4:L33) -> 294790700 | M34: =SUM(M4:M33) -> 294790700 | N34: =SUM(N4:N33) -> 0 | O34: =SUM(O4:O33) -> 0 | P34: =SUM(P4:P33) -> 0 | Q34: =SUM(Q4:Q33) -> 0

Sheet 3.HST_Turkey
B3: 순 | C3: 고객 | D3: 국가 | E3: PO | F3: RFQ no. | G3: 수주일 | H3: 납기 | I3: Item | J3: 구분 | K3: 수량 | L3: 수주금액 (전체) | M3: 수주금액 (2026년) | N3: 수주금액 (2027년) | O3: 청구 (예정) 금액 | P3: 입금 총액 | Q3: 미수금 | R3: 비고 | S3: 대금지불조건
B4: 1 | C4: HST (튀르키예)
L34: =SUM(L4:L33) -> 0 | M34: =SUM(M4:M33) -> 0 | N34: =SUM(N4:N33) -> 0 | O34: =SUM(O4:O33) -> 0 | P34: =SUM(P4:P33) -> 0 | Q34: =SUM(Q4:Q33) -> 0

Sheet 4.인터모빌리티
B3: 순 | C3: 고객 | D3: 국가 | E3: PO | F3: RFQ no. | G3: 수주일 | H3: 납기 | I3: Item | J3: 구분 | K3: 수량 | L3: 수주금액 (전체) | M3: 수주금액 (2026년) | N3: 수주금액 (2027년) | O3: 청구 (예정) 금액 | P3: 입금 총액 | Q3: 미수금 | R3: 비고 | S3: 대금지불조건
B4: 1 | C4: 인터모빌리티 | D4: 한국(POSCO) | E4: 20250728001 | G4: 45866 | H4: 45900 | J4: POSCO TCMS 관련 통신보드 HW 개발 | L4: 18312700 | M4: 18312700 | N4: =L4-M4 -> 0 | O4: 0 | P4: 0 | Q4: =O4-P4 -> 0 | R4: 250801 선금(30%) 지급 완료 | S4: 선금 30%, 대금 70% | T4: 250728 KRW 7,848,300 전자세금계산서 선금 30%
L34: =SUM(L4:L33) -> 18312700 | M34: =SUM(M4:M33) -> 18312700 | N34: =SUM(N4:N33) -> 0 | O34: =SUM(O4:O33) -> 0 | P34: =SUM(P4:P33) -> 0 | Q34: =SUM(Q4:Q33) -> 0

Sheet 5.GMTECH
B3: 순 | C3: 고객 | D3: 국가 | E3: PO | F3: RFQ no. | G3: 수주일 | H3: 납기 | I3: Item | J3: 구분 | K3: 수량 | L3: 수주금액 (전체) | M3: 수주금액 (2026년) | N3: 수주금액 (2027년) | O3: 청구 (예정) 금액 | P3: 입금 총액 | Q3: 미수금 | R3: 비고 | S3: 대금지불조건
B4: 1 | C4: GMTECH | D4: 인도네시아 | E4: 0S02 | G4: 45925 | H4: 46053 | J4: 인도네시아 경전철 차량유지보수 부품 | L4: 24632800 | M4: 24632800 | N4: =L4-M4 -> 0 | O4: 0 | P4: 0 | Q4: =O4-P4 -> 0 | R4: 251015 선금 입금 완료 (선금 20%, 6,158,200) | S4: 선금 20%, 대금 80%
L34: =SUM(L4:L33) -> 24632800 | M34: =SUM(M4:M33) -> 24632800 | N34: =SUM(N4:N33) -> 0 | O34: =SUM(O4:O33) -> 0 | P34: =SUM(P4:P33) -> 0 | Q34: =SUM(Q4:Q33) -> 0

Sheet 6.다원시스
B3: 순 | C3: 고객 | D3: 국가 | E3: PO | F3: RFQ no. | G3: 수주일 | H3: 납기 | I3: Item | J3: 구분 | K3: 수량 | L3: 수주금액 (전체) | M3: 수주금액 (2026년) | N3: 수주금액 (2027년) | O3: 청구 (예정) 금액 | P3: 입금 총액 | Q3: 미수금 | R3: 비고 | S3: 대금지불조건
B4: 1 | C4: 다원시스 | D4: 한국 | E4: DWE-2024-AUG-29-001 | G4: 45533 | H4: 45838 | I4: 1 | J4: 4호선 방송편집기 소프트웨어개발 | L4: 56000000 | M4: 56000000 | N4: =L4-M4 -> 0 | O4: 0 | P4: 0 | Q4: =O4-P4 -> 0 | S4: 1. (2024년) 선급금 30% (42,000,000 KRW) 2. 1차 산출물 제출 후 실행팀 확인 서명 완료본 제출 시 30% (250310 42,000,000 KRW 입금) 3. 발주처 승인 완료 시 40%
L34: =SUM(L4:L33) -> 56000000 | M34: =SUM(M4:M33) -> 56000000 | N34: =SUM(N4:N33) -> 0 | O34: =SUM(O4:O33) -> 0 | P34: =SUM(P4:P33) -> 0 | Q34: =SUM(Q4:Q33) -> 0

Sheet 7.서울교통공사
B3: 순 | C3: 고객 | D3: 국가 | E3: PO | F3: RFQ no. | G3: 수주일 | H3: 납기 | I3: Item | J3: 구분 | K3: 수량 | L3: 수주금액 (전체) | M3: 수주금액 (2025년) | N3: 수주금액 (2026년) | O3: 청구 (예정) 금액 | P3: 입금 총액 | Q3: 미수금 | R3: 비고 | S3: 대금지불조건
B4: 1 | C4: 서울교통공사
L34: =SUM(L4:L33) -> 0 | M34: =SUM(M4:M33) -> 0 | N34: =SUM(N4:N33) -> 0 | O34: =SUM(O4:O33) -> 0 | P34: =SUM(P4:P33) -> 0 | Q34: =SUM(Q4:Q33) -> 0

Sheet 7.기타
B3: 순 | C3: 고객 | D3: 국가 | E3: PO | F3: RFQ no. | G3: 수주일 | H3: 납기 | I3: Item | J3: 구분 | K3: 수량 | L3: 수주금액 (전체) | M3: 수주금액 (2025년) | N3: 수주금액 (2026년) | O3: 청구 (예정) 금액 | P3: 입금 총액 | Q3: 미수금 | R3: 비고 | S3: 대금지불조건
B4: 1 | C4: 김포골드라인 | D4: 한국 | L4: 0 | M4: 0 | N4: =L4-M4 -> 0 | O4: 0 | P4: 0 | Q4: =O4-P4 -> 0
B5: 2 | C5: 고구려엔지니어링 | D5: 한국 | L5: 0 | M5: 0 | N5: =L5-M5 -> 0 | O5: 0 | P5: 0 | Q5: =O5-P5 -> 0
B6: 3 | C6: 실리콘큐브 | D6: 한국 | L6: 0 | M6: 0 | N6: =L6-M6 -> 0 | O6: 0 | P6: 0 | Q6: =O6-P6 -> 0
B7: 4 | C7: 무한테크 | D7: 한국 | L7: 0 | M7: 0 | N7: =L7-M7 -> 0 | O7: 0 | P7: 0 | Q7: =O7-P7 -> 0
B8: 5 | C8: 티랩 | D8: 한국 | L8: 0 | M8: 0 | N8: =L8-M8 -> 0 | O8: 0 | P8: 0 | Q8: =O8-P8 -> 0
B9: 6 | C9: 마루소프트 | D9: 한국 | L9: 0 | M9: 0 | N9: =L9-M9 -> 0 | O9: 0 | P9: 0 | Q9: =O9-P9 -> 0
B10: 7 | C10: 신진금고 | D10: 한국 | L10: 0 | M10: 0 | N10: =L10-M10 -> 0 | O10: 0 | P10: 0 | Q10: =O10-P10 -> 0
B11: 8 | C11: 위플랫 | D11: 한국 | L11: 0 | M11: 0 | N11: =L11-M11 -> 0 | O11: 0 | P11: 0 | Q11: =O11-P11 -> 0
L34: =SUM(L4:L33) -> 0 | M34: =SUM(M4:M33) -> 0 | N34: =SUM(N4:N33) -> 0 | O34: =SUM(O4:O33) -> 0 | P34: =SUM(P4:P33) -> 0 | Q34: =SUM(Q4:Q33) -> 0
