Workbook

Sheet Total
D2: 견적가 | G2: 수주가
B3: 순 | C3: 고객명 | D3: 전체 | E3: AB등급 | F3: CD등급 | G3: 전체 | H3: 2025년 | I3: 2026년 이월 | J3: 수주율(%) | K3: 제조원가 | L3: 손익(%) | M3: 비고
B4: 1 | C4: 지아이씨 | D4: ='1.지아이씨'!R49 -> 4.3703328e+08 | E4: ='1.지아이씨'!S49 -> 4.3703328e+08 | F4: ='1.지아이씨'!T49 -> 0 | G4: ='1.지아이씨'!O49 -> 4.3703328e+08 | H4: ='1.지아이씨'!P49 -> 4.3703328e+08 | I4: ='1.지아이씨'!Q49 -> 0 | J4: =G4/D4 -> 1
B5: 2 | C5: 김포골드라인 | D5: ='2.김포골드라인'!R49 -> 0 | E5: ='2.김포골드라인'!S49 -> 0 | F5: ='2.김포골드라인'!T49 -> 0 | G5: ='2.김포골드라인'!O49 -> 0 | H5: ='2.김포골드라인'!P49 -> 0 | I5: ='2.김포골드라인'!Q49 -> 0 | J5: =G5/D5 -> #DIV/0!
B6: 3 | C6: 서울교통공사 | D6: ='3.서울교통공사'!R49 -> 0 | E6: ='3.서울교통공사'!S49 -> 0 | F6: ='3.서울교통공사'!T49 -> 0 | G6: ='3.서울교통공사'!O49 -> 0 | H6: ='3.서울교통공사'!P49 -> 0 | I6: ='3.서울교통공사'!Q49 -> 0 | J6: =G6/D6 -> #DIV/0!
B7: 4 | C7: 현대로템 | D7: ='4.현대로템'!R49 -> 9983340 | E7: ='4.현대로템'!S49 -> 9983340 | F7: ='4.현대로템'!T49 -> 0 | G7: ='4.현대로템'!O49 -> 0 | H7: ='4.현대로템'!P49 -> 0 | I7: ='4.현대로템'!Q49 -> 0 | J7: =G7/D7 -> 0
B8: 5 | C8: 실리콘큐브 | D8: ='5.실리콘큐브'!R49 -> 0 | E8: ='5.실리콘큐브'!S49 -> 0 | F8: ='5.실리콘큐브'!T49 -> 0 | G8: ='5.실리콘큐브'!O49 -> 0 | H8: ='5.실리콘큐브'!P49 -> 0 | I8: ='5.실리콘큐브'!Q49 -> 0 | J8: =G8/D8 -> #DIV/0!
B9: 6 | C9: 무한테크 | D9: ='6.무한테크'!R49 -> 0 | E9: ='6.무한테크'!S49 -> 0 | F9: ='6.무한테크'!T49 -> 0 | G9: ='6.무한테크'!O49 -> 0 | H9: ='6.무한테크'!P49 -> 0 | I9: ='6.무한테크'!Q49 -> 0 | J9: =G9/D9 -> #DIV/0!
B10: 7 | C10: 다원시스 | D10: ='7.다원시스'!R49 -> 357000000 | E10: ='7.다원시스'!S49 -> 357000000 | F10: ='7.다원시스'!T49 -> 0 | G10: ='7.다원시스'!O49 -> 287000000 | H10: ='7.다원시스'!P49 -> 287000000 | I10: ='7.다원시스'!Q49 -> 0 | J10: =G10/D10 -> 0.80392157
B11: 8 | C11: 티랩 | D11: ='8.티랩'!R49 -> 0 | E11: ='8.티랩'!S49 -> 0 | F11: ='8.티랩'!T49 -> 0 | G11: ='8.티랩'!O49 -> 0 | H11: ='8.티랩'!P49 -> 0 | I11: ='8.티랩'!Q49 -> 0 | J11: =G11/D11 -> #DIV/0!
B12: 9 | C12: 마루소프트 | D12: ='9.마루소프트'!R49 -> 0 | E12: ='9.마루소프트'!S49 -> 0 | F12: ='9.마루소프트'!T49 -> 0 | G12: ='9.마루소프트'!O49 -> 0 | H12: ='9.마루소프트'!P49 -> 0 | I12: ='9.마루소프트'!Q49 -> 0 | J12: =G12/D12 -> #DIV/0!
B13: 10 | C13: 신진금고 | D13: ='10.신진금고'!R49 -> 0 | E13: ='10.신진금고'!S49 -> 0 | F13: ='10.신진금고'!T49 -> 0 | G13: ='10.신진금고'!O49 -> 0 | H13: ='10.신진금고'!P49 -> 0 | I13: ='10.신진금고'!Q49 -> 0 | J13: =G13/D13 -> #DIV/0!
B14: 11 | C14: 인터모빌리티 | D14: ='11.인터모빌리티'!R49 -> 0 | E14: ='11.인터모빌리티'!S49 -> 0 | F14: ='11.인터모빌리티'!T49 -> 0 | G14: ='11.인터모빌리티'!O49 -> 0 | H14: ='11.인터모빌리티'!P49 -> 0 | I14: ='11.인터모빌리티'!Q49 -> 0 | J14: =G14/D14 -> #DIV/0!
C15: 합계 | D15: =SUM(D4:D14) -> 8.0401662e+08 | E15: =SUM(E4:E14) -> 8.0401662e+08 | F15: =SUM(F4:F14) -> 0 | G15: =SUM(G4:G14) -> 7.2403328e+08 | H15: =SUM(H4:H14) -> 7.2403328e+08 | I15: =SUM(I4:I14) -> 0 | J15: =G15/D15 -> 0.90052029

Sheet 1.지아이씨
B3: 순 | C3: 국가 | D3: 고객 | E3: 견적번호 | F3: RFQ no. | G3: 견적일 | H3: 유효일 | I3: PO no. | J3: 수주일 | K3: 납기 | L3: Item | M3: 구분 | N3: 수량 | O3: 수주금액 (전체) | P3: 수주금액 (2025년) | Q3: 수주금액 (2026년) | R3: 목표가 | S3: 견적가(AB) | T3: 견적가(CD) | U3: 제조원가 | V3: 손익(%) | W3: 입금 총액 | X3: 미수금 | Y3: 비고
B4: 1 | C4: 한국 | D4: 지아이씨 | G4: 240524 | H4: 250227 | I4: CSP24-0524-1 | J4: 240524 | K4: 250227 | M4: MOP, MSR, CTM 생산 | O4: 245497525 | P4: 245497525 | Q4: 0 | R4: 2.4549752e+08 | S4: 2.4549752e+08 | W4: 0 | X4: =P4-W4 -> 245497525
B5: 2 | C5: 한국 | D5: 지아이씨 | G5: 240913 | H5: 250131 | I5: CSP24-0913-1 | J5: 240913 | K5: 250131 | L5: 1 | M5: MSR NVR | N5: 51 | O5: 13983023 | P5: 13983023 | Q5: 0 | R5: 13983023 | S5: 13983023 | W5: 0 | X5: =P5-W5 -> 13983023
L6: 2 | M6: MSR HUB | N6: 51 | O6: 10164755 | P6: 10164755 | Q6: 0 | R6: 10164755 | S6: 10164755 | W6: 0 | X6: =P6-W6 -> 10164755
L7: 3 | M7: MSR MTX | N7: 51 | O7: 9341652.3 | P7: 9341652.3 | Q7: 0 | R7: 9341652.3 | S7: 9341652.3 | W7: 0 | X7: =P7-W7 -> 9341652.3
L8: 4 | M8: MSR TCIU HUB | N8: 51 | O8: 7854455.4 | P8: 7854455.4 | Q8: 0 | R8: 7854455.4 | S8: 7854455.4 | W8: 0 | X8: =P8-W8 -> 7854455.4
L9: 5 | M9: MSR TCIU CTL | N9: 51 | O9: 9422642.7 | P9: 9422642.7 | Q9: 0 | R9: 9422642.7 | S9: 9422642.7 | W9: 0 | X9: =P9-W9 -> 9422642.7
L10: 6 | M10: MSR PBX | N10: 51 | O10: 4421700 | P10: 4421700 | Q10: 0 | R10: 4421700 | S10: 4421700 | W10: 0 | X10: =P10-W10 -> 4421700
L11: 7 | M11: MSR SSD | N11: 102 | O11: 10373400 | P11: 10373400 | Q11: 0 | R11: 10373400 | S11: 10373400 | W11: 0 | X11: =P11-W11 -> 10373400
L12: 8 | M12: MSR ETX | N12: 51 | O12: 7264302.3 | P12: 7264302.3 | Q12: 0 | R12: 7264302.3 | S12: 7264302.3 | W12: 0 | X12: =P12-W12 -> 7264302.3
L13: 9 | M13: MSR Back Plane | N13: 51 | O13: 4590000 | P13: 4590000 | Q13: 0 | R13: 4590000 | S13: 4590000 | W13: 0 | X13: =P13-W13 -> 4590000
L14: 10 | M14: MOP CTL | N14: 51 | O14: 7246837.5 | P14: 7246837.5 | Q14: 0 | R14: 7246837.5 | S14: 7246837.5 | W14: 0 | X14: =P14-W14 -> 7246837.5
L15: 11 | M15: MOP LCD | N15: 51 | O15: 6505758.9 | P15: 6505758.9 | Q15: 0 | R15: 6505758.9 | S15: 6505758.9 | W15: 0 | X15: =P15-W15 -> 6505758.9
L16: 12 | M16: CTM CTL | N16: 51 | O16: 14136023 | P16: 14136023 | Q16: 0 | R16: 14136023 | S16: 14136023 | W16: 0 | X16: =P16-W16 -> 14136023
B17: 3 | C17: 한국 | D17: 지아이씨 | G17: 240923 | H17: 241231 | I17: CSP24-0923-1 | J17: 240923 | K17: 241231 | L17: 2 | M17: LCD CONTROL BOARD. FOR MOP. | N17: 10 | O17: 8188800 | P17: 8188800 | Q17: 0 | R17: 8188800 | S17: 8188800 | W17: 0 | X17: =P17-W17 -> 8188800
H18: 250430 | K18: 250430 | L18: 8 | M18: MSR NVR BOARD. FOR MSR. | N18: 10 | O18: 32336800 | P18: 32336800 | Q18: 0 | R18: 32336800 | S18: 32336800 | W18: 0 | X18: =P18-W18 -> 32336800
H19: 241231 | K19: 241231 | L19: 11 | M19: CONTROL BOARD. FOR CTM. | N19: 20 | O19: 45705600 | P19: 45705600 | Q19: 0 | R19: 45705600 | S19: 45705600 | W19: 0 | X19: =P19-W19 -> 45705600
C49: Sub-Amount | O49: =SUM(O4:O48) -> 4.3703328e+08 | P49: =SUM(P4:P48) -> 4.3703328e+08 | Q49: =SUM(Q4:Q48) -> 0 | R49: =SUM(R4:R48) -> 4.3703328e+08 | S49: =SUM(S4:S48) -> 4.3703328e+08 | T49: =SUM(T4:T48) -> 0 | U49: =SUM(U4:U48) -> 0 | V49: =SUM(V4:V48) -> 0 | ... X49: =SUM(X4:X48) -> 4.3703328e+08
X51: z

Sheet 2.김포골드라인
B3: 순 | C3: 국가 | D3: 고객 | E3: 견적번호 | F3: RFQ no. | G3: 견적일 | H3: 유효일 | I3: PO no. | J3: 수주일 | K3: 납기 | L3: Item | M3: 구분 | N3: 수량 | O3: 수주금액 (전체) | P3: 수주금액 (2025년) | Q3: 수주금액 (2026년) | R3: 목표가 | S3: 견적가(AB) | T3: 견적가(CD) | U3: 제조원가 | V3: 손익(%) | W3: 입금 총액 | X3: 미수금 | Y3: 비고
B4: 1 | C4: 한국 | D4: 김포골드라인
C49: Sub-Amount | O49: =SUM(O4:O48) -> 0 | P49: =SUM(P4:P48) -> 0 | Q49: =SUM(Q4:Q48) -> 0 | R49: =SUM(R4:R48) -> 0 | S49: =SUM(S4:S48) -> 0 | T49: =SUM(T4:T48) -> 0 | U49: =SUM(U4:U48) -> 0 | V49: =SUM(V4:V48) -> 0 | ... X49: =SUM(X4:X48) -> 0

Sheet 3.서울교통공사
B3: 순 | C3: 국가 | D3: 고객 | E3: 견적번호 | F3: RFQ no. | G3: 견적일 | H3: 유효일 | I3: PO no. | J3: 수주일 | K3: 납기 | L3: Item | M3: 구분 | N3: 수량 | O3: 수주금액 (전체) | P3: 수주금액 (2025년) | Q3: 수주금액 (2026년) | R3: 목표가 | S3: 견적가(AB) | T3: 견적가(CD) | U3: 제조원가 | V3: 손익(%) | W3: 입금 총액 | X3: 미수금 | Y3: 비고
B4: 1 | C4: 한국 | D4: 서울교통공사
C49: Sub-Amount | O49: =SUM(O4:O48) -> 0 | P49: =SUM(P4:P48) -> 0 | Q49: =SUM(Q4:Q48) -> 0 | R49: =SUM(R4:R48) -> 0 | S49: =SUM(S4:S48) -> 0 | T49: =SUM(T4:T48) -> 0 | U49: =SUM(U4:U48) -> 0 | V49: =SUM(V4:V48) -> 0 | ... X49: =SUM(X4:X48) -> 0

Sheet 4.현대로템
B3: 순 | C3: 국가 | D3: 고객 | E3: 견적번호 | F3: RFQ no. | G3: 견적일 | H3: 유효일 | I3: PO no. | J3: 수주일 | K3: 납기 | L3: Item | M3: 구분 | N3: 수량 | O3: 수주금액 (전체) | P3: 수주금액 (2025년) | Q3: 수주금액 (2026년) | R3: 목표가 | S3: 견적가(AB) | T3: 견적가(CD) | U3: 제조원가 | V3: 손익(%) | W3: 입금 총액 | X3: 미수금 | Y3: 비고
B4: 1 | C4: 한국 | D4: 현대로템 | E4: 2024122401 | G4: 241224 | H4: 250108 | M4: EIDS 수리비 및 보수품 | R4: 9983340 | S4: 9983340
C49: Sub-Amount | O49: =SUM(O4:O48) -> 0 | P49: =SUM(P4:P48) -> 0 | Q49: =SUM(Q4:Q48) -> 0 | R49: =SUM(R4:R48) -> 9983340 | S49: =SUM(S4:S48) -> 9983340 | T49: =SUM(T4:T48) -> 0 | U49: =SUM(U4:U48) -> 0 | V49: =SUM(V4:V48) -> 0 | ... X49: =SUM(X4:X48) -> 0

Sheet 5.실리콘큐브
B3: 순 | C3: 국가 | D3: 고객 | E3: 견적번호 | F3: RFQ no. | G3: 견적일 | H3: 유효일 | I3: PO no. | J3: 수주일 | K3: 납기 | L3: Item | M3: 구분 | N3: 수량 | O3: 수주금액 (전체) | P3: 수주금액 (2025년) | Q3: 수주금액 (2026년) | R3: 목표가 | S3: 견적가(AB) | T3: 견적가(CD) | U3: 제조원가 | V3: 손익(%) | W3: 입금 총액 | X3: 미수금 | Y3: 비고
B4: 1 | C4: 한국 | D4: 실리콘큐브
C49: Sub-Amount | O49: =SUM(O4:O48) -> 0 | P49: =SUM(P4:P48) -> 0 | Q49: =SUM(Q4:Q48) -> 0 | R49: =SUM(R4:R48) -> 0 | S49: =SUM(S4:S48) -> 0 | T49: =SUM(T4:T48) -> 0 | U49: =SUM(U4:U48) -> 0 | V49: =SUM(V4:V48) -> 0 | ... X49: =SUM(X4:X48) -> 0

Sheet 6.무한테크
B3: 순 | C3: 국가 | D3: 고객 | E3: 견적번호 | F3: RFQ no. | G3: 견적일 | H3: 유효일 | I3: PO no. | J3: 수주일 | K3: 납기 | L3: Item | M3: 구분 | N3: 수량 | O3: 수주금액 (전체) | P3: 수주금액 (2025년) | Q3: 수주금액 (2026년) | R3: 목표가 | S3: 견적가(AB) | T3: 견적가(CD) | U3: 제조원가 | V3: 손익(%) | W3: 입금 총액 | X3: 미수금 | Y3: 비고
B4: 1 | C4: 한국 | D4: 무한테크
C49: Sub-Amount | O49: =SUM(O4:O48) -> 0 | P49: =SUM(P4:P48) -> 0 | Q49: =SUM(Q4:Q48) -> 0 | R49: =SUM(R4:R48) -> 0 | S49: =SUM(S4:S48) -> 0 | T49: =SUM(T4:T48) -> 0 | U49: =SUM(U4:U48) -> 0 | V49: =SUM(V4:V48) -> 0 | ... X49: =SUM(X4:X48) -> 0

Sheet 7.다원시스
B3: 순 | C3: 국가 | D3: 고객 | E3: 견적번호 | F3: RFQ no. | G3: 견적일 | H3: 유효일 | I3: PO no. | J3: 수주일 | K3: 납기 | L3: Item | M3: 구분 | N3: 수량 | O3: 수주금액 (전체) | P3: 수주금액 (2025년) | Q3: 수주금액 (2026년) | R3: 목표가 | S3: 견적가(AB) | T3: 견적가(CD) | U3: 제조원가 | V3: 손익(%) | W3: 입금 총액 | X3: 미수금 | Y3: 비고
B4: 1 | C4: 한국 | D4: 다원시스 | G4: 240611 | H4: 250331 | I4: DWE-2024-JUN-11-001 | M4: 서울7호선 3차분 TCMS 개조 | O4: 189000000 | P4: 189000000 | Q4: 0 | R4: 189000000 | S4: 189000000 | W4: 81000000 | X4: =P4-W4 -> 108000000
B5: 2 | C5: 한국 | D5: 다원시스 | E5: 202406241 | G5: 240829 | H5: 250630 | I5: DWE-2024-AUG-29-001 | M5: 4호선 방송편집기 소프트웨어개발 | O5: 98000000 | P5: 98000000 | Q5: 0 | R5: 98000000 | S5: 98000000 | W5: 42000000 | X5: =P5-W5 -> 56000000
B6: 3 | C6: 한국 | D6: 다원시스 | E6: 2024121901 | G6: 241219 | H6: 250103 | M6: 4호선210량 소프트웨어 1년 개선비 + 기존 업데이트 빙용 | R6: 70000000 | S6: 70000000
C49: Sub-Amount | O49: =SUM(O4:O48) -> 287000000 | P49: =SUM(P4:P48) -> 287000000 | Q49: =SUM(Q4:Q48) -> 0 | R49: =SUM(R4:R48) -> 357000000 | S49: =SUM(S4:S48) -> 357000000 | T49: =SUM(T4:T48) -> 0 | U49: =SUM(U4:U48) -> 0 | V49: =SUM(V4:V48) -> 0 | ... X49: =SUM(X4:X48) -> 164000000

Sheet 8.티랩
B3: 순 | C3: 국가 | D3: 고객 | E3: 견적번호 | F3: RFQ no. | G3: 견적일 | H3: 유효일 | I3: PO no. | J3: 수주일 | K3: 납기 | L3: Item | M3: 구분 | N3: 수량 | O3: 수주금액 (전체) | P3: 수주금액 (2025년) | Q3: 수주금액 (2026년) | R3: 목표가 | S3: 견적가(AB) | T3: 견적가(CD) | U3: 제조원가 | V3: 손익(%) | W3: 입금 총액 | X3: 미수금 | Y3: 비고
B4: 1 | C4: 한국 | D4: 티랩
C49: Sub-Amount | O49: =SUM(O4:O48) -> 0 | P49: =SUM(P4:P48) -> 0 | Q49: =SUM(Q4:Q48) -> 0 | R49: =SUM(R4:R48) -> 0 | S49: =SUM(S4:S48) -> 0 | T49: =SUM(T4:T48) -> 0 | U49: =SUM(U4:U48) -> 0 | V49: =SUM(V4:V48) -> 0 | ... X49: =SUM(X4:X48) -> 0

Sheet 9.마루소프트
B3: 순 | C3: 국가 | D3: 고객 | E3: 견적번호 | F3: RFQ no. | G3: 견적일 | H3: 유효일 | I3: PO no. | J3: 수주일 | K3: 납기 | L3: Item | M3: 구분 | N3: 수량 | O3: 수주금액 (전체) | P3: 수주금액 (2025년) | Q3: 수주금액 (2026년) | R3: 목표가 | S3: 견적가(AB) | T3: 견적가(CD) | U3: 제조원가 | V3: 손익(%) | W3: 입금 총액 | X3: 미수금 | Y3: 비고
B4: 1 | C4: 한국 | D4: 마루소프트
C49: Sub-Amount | O49: =SUM(O4:O48) -> 0 | P49: =SUM(P4:P48) -> 0 | Q49: =SUM(Q4:Q48) -> 0 | R49: =SUM(R4:R48) -> 0 | S49: =SUM(S4:S48) -> 0 | T49: =SUM(T4:T48) -> 0 | U49: =SUM(U4:U48) -> 0 | V49: =SUM(V4:V48) -> 0 | ... X49: =SUM(X4:X48) -> 0

Sheet 10.신진금고
B3: 순 | C3: 국가 | D3: 고객 | E3: 견적번호 | F3: RFQ no. | G3: 견적일 | H3: 유효일 | I3: PO no. | J3: 수주일 | K3: 납기 | L3: Item | M3: 구분 | N3: 수량 | O3: 수주금액 (전체) | P3: 수주금액 (2025년) | Q3: 수주금액 (2026년) | R3: 목표가 | S3: 견적가(AB) | T3: 견적가(CD) | U3: 제조원가 | V3: 손익(%) | W3: 입금 총액 | X3: 미수금 | Y3: 비고
B4: 1 | C4: 한국 | D4: 신진금고
C49: Sub-Amount | O49: =SUM(O4:O48) -> 0 | P49: =SUM(P4:P48) -> 0 | Q49: =SUM(Q4:Q48) -> 0 | R49: =SUM(R4:R48) -> 0 | S49: =SUM(S4:S48) -> 0 | T49: =SUM(T4:T48) -> 0 | U49: =SUM(U4:U48) -> 0 | V49: =SUM(V4:V48) -> 0 | ... X49: =SUM(X4:X48) -> 0

Sheet 11.인터모빌리티
B3: 순 | C3: 국가 | D3: 고객 | E3: 견적번호 | F3: RFQ no. | G3: 견적일 | H3: 유효일 | I3: PO no. | J3: 수주일 | K3: 납기 | L3: Item | M3: 구분 | N3: 수량 | O3: 수주금액 (전체) | P3: 수주금액 (2025년) | Q3: 수주금액 (2026년) | R3: 목표가 | S3: 견적가(AB) | T3: 견적가(CD) | U3: 제조원가 | V3: 손익(%) | W3: 입금 총액 | X3: 미수금 | Y3: 비고
B4: 1 | C4: 한국 | D4: 인터모빌리티
C49: Sub-Amount | O49: =SUM(O4:O48) -> 0 | P49: =SUM(P4:P48) -> 0 | Q49: =SUM(Q4:Q48) -> 0 | R49: =SUM(R4:R48) -> 0 | S49: =SUM(S4:S48) -> 0 | T49: =SUM(T4:T48) -> 0 | U49: =SUM(U4:U48) -> 0 | V49: =SUM(V4:V48) -> 0 | ... X49: =SUM(X4:X48) -> 0
