Workbook

Sheet Total
D2: 견적가 | G2: 수주가
B3: 순 | C3: 고객명 | D3: 전체 | E3: AB등급 | F3: CD등급 | G3: 전체 | H3: 2025년 | I3: 2026년 이월 | J3: 수주율(%) | K3: 제조원가 | L3: 손익(%) | M3: 비고
B4: 1 | C4: 지아이씨 | D4: =SUM(E4:F4) -> 3.9523568e+08 | E4: ='1.지아이씨'!S34 -> 3.9523568e+08 | F4: ='1.지아이씨'!T34 -> 0 | G4: ='1.지아이씨'!O34 -> 3.9523568e+08 | H4: ='1.지아이씨'!P34 -> 3.9523568e+08 | I4: ='1.지아이씨'!Q34 -> 0 | J4: =G4/D4 -> 1
B5: 2 | C5: 김포골드라인 | D5: =SUM(E5:F5) -> 0 | E5: ='2.김포골드라인'!S34 -> 0 | F5: ='2.김포골드라인'!T34 -> 0 | G5: ='2.김포골드라인'!O34 -> 0 | H5: ='2.김포골드라인'!P34 -> 0 | I5: ='2.김포골드라인'!Q34 -> 0 | J5: =G5/D5 -> #DIV/0!
B6: 3 | C6: 서울교통공사 | D6: =SUM(E6:F6) -> 185000000 | E6: ='3.서울교통공사'!S34 -> 185000000 | F6: ='3.서울교통공사'!T34 -> 0 | G6: ='3.서울교통공사'!O34 -> 0 | H6: ='3.서울교통공사'!P34 -> 0 | I6: ='3.서울교통공사'!Q34 -> 0 | J6: =G6/D6 -> 0
B7: 4 | C7: 현대로템 | D7: =SUM(E7:F7) -> 9983340 | E7: ='4.현대로템'!S34 -> 9983340 | F7: ='4.현대로템'!T34 -> 0 | G7: ='4.현대로템'!O34 -> 9983340 | H7: ='4.현대로템'!P34 -> 9983340 | I7: ='4.현대로템'!Q34 -> 0 | J7: =G7/D7 -> 1
B8: 5 | C8: 실리콘큐브 | D8: =SUM(E8:F8) -> 0 | E8: ='5.실리콘큐브'!S34 -> 0 | F8: ='5.실리콘큐브'!T34 -> 0 | G8: ='5.실리콘큐브'!O34 -> 0 | H8: ='5.실리콘큐브'!P34 -> 0 | I8: ='5.실리콘큐브'!Q34 -> 0 | J8: =G8/D8 -> #DIV/0!
B9: 6 | C9: 무한테크 | D9: =SUM(E9:F9) -> 0 | E9: ='6.무한테크'!S34 -> 0 | F9: ='6.무한테크'!T34 -> 0 | G9: ='6.무한테크'!O34 -> 0 | H9: ='6.무한테크'!P34 -> 0 | I9: ='6.무한테크'!Q34 -> 0 | J9: =G9/D9 -> #DIV/0!
B10: 7 | C10: 다원시스 | D10: =SUM(E10:F10) -> 540623467 | E10: ='7.다원시스'!S34 -> 540623467 | F10: ='7.다원시스'!T34 -> 0 | G10: ='7.다원시스'!O34 -> 287000000 | H10: ='7.다원시스'!P34 -> 287000000 | I10: ='7.다원시스'!Q34 -> 0 | J10: =G10/D10 -> 0.53086856
B11: 8 | C11: 티랩 | D11: =SUM(E11:F11) -> 0 | E11: ='8.티랩'!S34 -> 0 | F11: ='8.티랩'!T34 -> 0 | G11: ='8.티랩'!O34 -> 0 | H11: ='8.티랩'!P34 -> 0 | I11: ='8.티랩'!Q34 -> 0 | J11: =G11/D11 -> #DIV/0!
B12: 9 | C12: 마루소프트 | D12: =SUM(E12:F12) -> 0 | E12: ='9.마루소프트'!S34 -> 0 | F12: ='9.마루소프트'!T34 -> 0 | G12: ='9.마루소프트'!O34 -> 0 | H12: ='9.마루소프트'!P34 -> 0 | I12: ='9.마루소프트'!Q34 -> 0 | J12: =G12/D12 -> #DIV/0!
B13: 10 | C13: 신진금고 | D13: =SUM(E13:F13) -> 0 | E13: ='10.신진금고'!S34 -> 0 | F13: ='10.신진금고'!T34 -> 0 | G13: ='10.신진금고'!O34 -> 0 | H13: ='10.신진금고'!P34 -> 0 | I13: ='10.신진금고'!Q34 -> 0 | J13: =G13/D13 -> #DIV/0!
B14: 11 | C14: 인터모빌리티 | D14: =SUM(E14:F14) -> 82990000 | E14: ='11.인터모빌리티'!S34 -> 0 | F14: ='11.인터모빌리티'!T34 -> 82990000 | G14: ='11.인터모빌리티'!O34 -> 0 | H14: ='11.인터모빌리티'!P34 -> 0 | I14: ='11.인터모빌리티'!Q34 -> 0 | J14: =G14/D14 -> 0
B15: 12 | C15: GMTECH | D15: =SUM(E15:F15) -> 575270000 | E15: ='12.GMTECH'!S34 -> 0 | F15: ='12.GMTECH'!T34 -> 575270000 | G15: ='12.GMTECH'!O34 -> 0 | H15: ='12.GMTECH'!P34 -> 0 | I15: ='12.GMTECH'!Q34 -> 0 | J15: =G15/D15 -> 0
B16: 13 | C16: Onsemi | D16: =SUM(E16:F16) -> 8000000 | E16: ='13.ONsemi'!S34 -> 0 | F16: ='13.ONsemi'!T34 -> 8000000 | G16: ='13.ONsemi'!O34 -> 0 | H16: ='13.ONsemi'!P34 -> 0 | I16: ='13.ONsemi'!Q34 -> 0 | J16: =G16/D16 -> 0
B17: 14 | C17: 아이디넷 | D17: =SUM(E17:F17) -> 1300000 | E17: ='14.아이디넷'!S34 -> 1300000 | F17: ='14.아이디넷'!T34 -> 0 | G17: ='14.아이디넷'!O34 -> 1200000 | H17: ='14.아이디넷'!P34 -> 1200000 | I17: ='14.아이디넷'!Q34 -> 0 | J17: =G17/D17 -> 0.92307692 | M17: 250228 계약해제 세금계산서 발행
C18: 합계 | D18: =SUM(E18:F18) -> 1.7984025e+09 | E18: =SUM(E4:E17) -> 1.1321425e+09 | F18: =SUM(F4:F17) -> 666260000 | G18: =SUM(G4:G17) -> 6.9341902e+08 | H18: =SUM(H4:H17) -> 6.9341902e+08 | I18: =SUM(I4:I17) -> 0 | J18: =G18/D18 -> 0.38557499

Sheet 1.지아이씨
B3: 순 | C3: 국가 | D3: 고객 | E3: 견적번호 | F3: RFQ no. | G3: 견적일 | H3: 유효일 | I3: PO no. | J3: 수주일 | K3: 납기 | L3: Item | M3: 구분 | N3: 수량 | O3: 수주금액 (전체) | P3: 수주금액 (2025년) | Q3: 수주금액 (2026년) | R3: 목표가 | S3: 견적가(AB) | T3: 견적가(CD) | U3: 제조원가 | V3: 손익(%) | W3: 입금 총액 | X3: 비고
B4: 1 | C4: 한국 | D4: 지아이씨 | G4: 45436 | H4: 45804 | I4: CSP24-0524-1 | J4: =G4 -> 45436 | K4: =H4 -> 45804 | M4: MOP, MSR, CTM 생산 | O4: 245497525 | P4: 245497525 | Q4: 0 | R4: 2.4549752e+08 | S4: 2.4549752e+08 | W4: 0
B5: 2 | C5: 한국 | D5: 지아이씨 | G5: 45548 | H5: 45688 | I5: CSP24-0913-1 | J5: =G5 -> 45548 | K5: =H5 -> 45688 | L5: 1 | M5: MSR NVR | N5: 51 | O5: 13983023 | P5: 13983023 | Q5: 0 | R5: 13983023 | S5: 13983023 | W5: 0
L6: 2 | M6: MSR HUB | N6: 51 | O6: 10164755 | P6: 10164755 | Q6: 0 | R6: 10164755 | S6: 10164755 | W6: 0
L7: 3 | M7: MSR MTX | N7: 51 | O7: 9341652.3 | P7: 9341652.3 | Q7: 0 | R7: 9341652.3 | S7: 9341652.3 | W7: 0
L8: 4 | M8: MSR TCIU HUB | N8: 51 | O8: 7854455.4 | P8: 7854455.4 | Q8: 0 | R8: 7854455.4 | S8: 7854455.4 | W8: 0
L9: 5 | M9: MSR TCIU CTL | N9: 51 | O9: 9422642.7 | P9: 9422642.7 | Q9: 0 | R9: 9422642.7 | S9: 9422642.7 | W9: 0
L10: 6 | M10: MSR PBX | N10: 51 | O10: 4421700 | P10: 4421700 | Q10: 0 | R10: 4421700 | S10: 4421700 | W10: 0
L11: 7 | M11: MSR SSD | N11: 102 | O11: 10373400 | P11: 10373400 | Q11: 0 | R11: 10373400 | S11: 10373400 | W11: 0
L12: 8 | M12: MSR ETX | N12: 51 | O12: 7264302.3 | P12: 7264302.3 | Q12: 0 | R12: 7264302.3 | S12: 7264302.3 | W12: 0
L13: 9 | M13: MSR Back Plane | N13: 51 | O13: 4590000 | P13: 4590000 | Q13: 0 | R13: 4590000 | S13: 4590000 | W13: 0
L14: 10 | M14: MOP CTL | N14: 51 | O14: 7246837.5 | P14: 7246837.5 | Q14: 0 | R14: 7246837.5 | S14: 7246837.5 | W14: 0
L15: 11 | M15: MOP LCD | N15: 51 | O15: 6505758.9 | P15: 6505758.9 | Q15: 0 | R15: 6505758.9 | S15: 6505758.9 | W15: 0
L16: 12 | M16: CTM CTL | N16: 51 | O16: 14136023 | P16: 14136023 | Q16: 0 | R16: 14136023 | S16: 14136023 | W16: 0
B17: 3 | C17: 한국 | D17: 지아이씨 | G17: 45558 | H17: 45657 | I17: CSP24-0923-1 | J17: =G17 -> 45558 | K17: =H17 -> 45657 | L17: 2 | M17: LCD CONTROL BOARD. FOR MOP. | N17: 10 | O17: 8188800 | P17: 8188800 | Q17: 0 | R17: 8188800 | S17: 8188800 | W17: 0
H18: 45777 | K18: =H18 -> 45777 | L18: 8 | M18: MSR NVR BOARD. FOR MSR. | N18: 10 | O18: 12435200 | P18: 12435200 | Q18: 0 | R18: 12435200 | S18: 12435200 | W18: 0
H19: 45657 | K19: =H19 -> 45657 | L19: 11 | M19: CONTROL BOARD. FOR CTM. | N19: 20 | O19: 23809600 | P19: 23809600 | Q19: 0 | R19: 23809600 | S19: 23809600 | W19: 0
C34: Sub-Amount | O34: =SUM(O4:O33) -> 3.9523568e+08 | P34: =SUM(P4:P33) -> 3.9523568e+08 | Q34: =SUM(Q4:Q33) -> 0 | R34: =SUM(R4:R33) -> 3.9523568e+08 | S34: =SUM(S4:S33) -> 3.9523568e+08 | T34: =SUM(T4:T33) -> 0 | U34: =SUM(U4:U33) -> 0 | V34: =SUM(V4:V33) -> 0 | W34: =SUM(W4:W33) -> 0

Sheet 2.김포골드라인
B3: 순 | C3: 국가 | D3: 고객 | E3: 견적번호 | F3: RFQ no. | G3: 견적일 | H3: 유효일 | I3: PO no. | J3: 수주일 | K3: 납기 | L3: Item | M3: 구분 | N3: 수량 | O3: 수주금액 (전체) | P3: 수주금액 (2025년) | Q3: 수주금액 (2026년) | R3: 목표가 | S3: 견적가(AB) | T3: 견적가(CD) | U3: 제조원가 | V3: 손익(%) | W3: 입금 총액 | X3: 비고
B4: 1 | C4: 한국 | D4: 김포골드라인
C34: Sub-Amount | O34: =SUM(O4:O33) -> 0 | P34: =SUM(P4:P33) -> 0 | Q34: =SUM(Q4:Q33) -> 0 | R34: =SUM(R4:R33) -> 0 | S34: =SUM(S4:S33) -> 0 | T34: =SUM(T4:T33) -> 0 | U34: =SUM(U4:U33) -> 0 | V34: =SUM(V4:V33) -> 0 | W34: =SUM(W4:W33) -> 0

Sheet 3.서울교통공사
B3: 순 | C3: 국가 | D3: 고객 | E3: 견적번호 | F3: RFQ no. | G3: 견적일 | H3: 유효일 | I3: PO no. | J3: 수주일 | K3: 납기 | L3: Item | M3: 구분 | N3: 수량 | O3: 수주금액 (전체) | P3: 수주금액 (2025년) | Q3: 수주금액 (2026년) | R3: 목표가 | S3: 견적가(AB) | T3: 견적가(CD) | U3: 제조원가 | V3: 손익(%) | W3: 입금 총액 | X3: 비고
B4: 1 | C4: 한국 | D4: 서울교통공사 | E4: 2024121901 | G4: 45650 | H4: =G4+15 -> 45665 | M4: 7호선 3차분 PIS-CSC 장치 개조 | R4: 182000000 | S4: 182000000
D5: 서울교통공사 | E5: 20250207-1 | G5: 45695 | H5: =G5+15 -> 45710 | M5: 7호선 3차분 표시기 업데이트 | R5: 3000000 | S5: 3000000
C34: Sub-Amount | O34: =SUM(O4:O33) -> 0 | P34: =SUM(P4:P33) -> 0 | Q34: =SUM(Q4:Q33) -> 0 | R34: =SUM(R4:R33) -> 185000000 | S34: =SUM(S4:S33) -> 185000000 | T34: =SUM(T4:T33) -> 0 | U34: =SUM(U4:U33) -> 0 | V34: =SUM(V4:V33) -> 0 | W34: =SUM(W4:W33) -> 0

Sheet 4.현대로템
B3: 순 | C3: 국가 | D3: 고객 | E3: 견적번호 | F3: RFQ no. | G3: 견적일 | H3: 유효일 | I3: PO no. | J3: 수주일 | K3: 납기 | L3: Item | M3: 구분 | N3: 수량 | O3: 수주금액 (전체) | P3: 수주금액 (2025년) | Q3: 수주금액 (2026년) | R3: 목표가 | S3: 견적가(AB) | T3: 견적가(CD) | U3: 제조원가 | V3: 손익(%) | W3: 입금 총액 | X3: 비고
B4: 1 | C4: 한국 | D4: 현대로템 | E4: 2024122401 | G4: 45650 | H4: =G4+15 -> 45665 | I4: HRCPO20250226-001 | J4: 45714 | K4: 45741 | M4: EIDS 수리비 및 보수품 | O4: 9983340 | P4: 9983340 | Q4: 0 | R4: 9983340 | S4: 9983340
C34: Sub-Amount | O34: =SUM(O4:O33) -> 9983340 | P34: =SUM(P4:P33) -> 9983340 | Q34: =SUM(Q4:Q33) -> 0 | R34: =SUM(R4:R33) -> 9983340 | S34: =SUM(S4:S33) -> 9983340 | T34: =SUM(T4:T33) -> 0 | U34: =SUM(U4:U33) -> 0 | V34: =SUM(V4:V33) -> 0 | W34: =SUM(W4:W33) -> 0

Sheet 5.실리콘큐브
B3: 순 | C3: 국가 | D3: 고객 | E3: 견적번호 | F3: RFQ no. | G3: 견적일 | H3: 유효일 | I3: PO no. | J3: 수주일 | K3: 납기 | L3: Item | M3: 구분 | N3: 수량 | O3: 수주금액 (전체) | P3: 수주금액 (2025년) | Q3: 수주금액 (2026년) | R3: 목표가 | S3: 견적가(AB) | T3: 견적가(CD) | U3: 제조원가 | V3: 손익(%) | W3: 입금 총액 | X3: 비고
B4: 1 | C4: 한국 | D4: 실리콘큐브
C34: Sub-Amount | O34: =SUM(O4:O33) -> 0 | P34: =SUM(P4:P33) -> 0 | Q34: =SUM(Q4:Q33) -> 0 | R34: =SUM(R4:R33) -> 0 | S34: =SUM(S4:S33) -> 0 | T34: =SUM(T4:T33) -> 0 | U34: =SUM(U4:U33) -> 0 | V34: =SUM(V4:V33) -> 0 | W34: =SUM(W4:W33) -> 0

Sheet 6.무한테크
B3: 순 | C3: 국가 | D3: 고객 | E3: 견적번호 | F3: RFQ no. | G3: 견적일 | H3: 유효일 | I3: PO no. | J3: 수주일 | K3: 납기 | L3: Item | M3: 구분 | N3: 수량 | O3: 수주금액 (전체) | P3: 수주금액 (2025년) | Q3: 수주금액 (2026년) | R3: 목표가 | S3: 견적가(AB) | T3: 견적가(CD) | U3: 제조원가 | V3: 손익(%) | W3: 입금 총액 | X3: 비고
B4: 1 | C4: 한국 | D4: 무한테크
C34: Sub-Amount | O34: =SUM(O4:O33) -> 0 | P34: =SUM(P4:P33) -> 0 | Q34: =SUM(Q4:Q33) -> 0 | R34: =SUM(R4:R33) -> 0 | S34: =SUM(S4:S33) -> 0 | T34: =SUM(T4:T33) -> 0 | U34: =SUM(U4:U33) -> 0 | V34: =SUM(V4:V33) -> 0 | W34: =SUM(W4:W33) -> 0

Sheet 7.다원시스
B3: 순 | C3: 국가 | D3: 고객 | E3: 견적번호 | F3: RFQ no. | G3: 견적일 | H3: 유효일 | I3: PO no. | J3: 수주일 | K3: 납기 | L3: Item | M3: 구분 | N3: 수량 | O3: 수주금액 (전체) | P3: 수주금액 (2025년) | Q3: 수주금액 (2026년) | R3: 목표가 | S3: 견적가(AB) | T3: 견적가(CD) | U3: 제조원가 | V3: 손익(%) | W3: 입금 총액 | X3: 비고
B4: 1 | C4: 한국 | D4: 다원시스 | G4: 45454 | H4: 45747 | I4: DWE-2024-JUN-11-001 | J4: =G4 -> 45454 | K4: =H4 -> 45747 | M4: 서울7호선 3차분 TCMS 개조 | O4: 189000000 | P4: 189000000 | Q4: 0 | R4: 189000000 | S4: 189000000
B5: 2 | C5: 한국 | D5: 다원시스 | E5: 202406241 | G5: 45533 | H5: 45838 | I5: DWE-2024-AUG-29-001 | J5: =G5 -> 45533 | K5: =H5 -> 45838 | M5: 4호선 방송편집기 소프트웨어개발 | O5: 98000000 | P5: 98000000 | Q5: 0 | R5: 98000000 | S5: 98000000
B6: 3 | C6: 한국 | D6: 다원시스 | E6: 2024121901 | G6: 45645 | H6: =G6+15 -> 45660 | M6: 4호선210량 소프트웨어 1년 개선비 + 기존 업데이트 빙용 | R6: 70000000 | S6: 70000000
B7: 4 | C7: 한국 | D7: 다원시스 | E7: 20250210-1 | G7: 45698 | H7: =G7+15 -> 45713 | M7: 코레일 EMU-150 TCMS 기반 통합편집기 | R7: 210731048 | S7: 183623467 | X7: 20250123-1 (\210,731,048)에 대한 수정견적
C34: Sub-Amount | O34: =SUM(O4:O33) -> 287000000 | P34: =SUM(P4:P33) -> 287000000 | Q34: =SUM(Q4:Q33) -> 0 | R34: =SUM(R4:R33) -> 567731048 | S34: =SUM(S4:S33) -> 540623467 | T34: =SUM(T4:T33) -> 0 | U34: =SUM(U4:U33) -> 0 | V34: =SUM(V4:V33) -> 0 | W34: =SUM(W4:W33) -> 0

Sheet 8.티랩
B3: 순 | C3: 국가 | D3: 고객 | E3: 견적번호 | F3: RFQ no. | G3: 견적일 | H3: 유효일 | I3: PO no. | J3: 수주일 | K3: 납기 | L3: Item | M3: 구분 | N3: 수량 | O3: 수주금액 (전체) | P3: 수주금액 (2025년) | Q3: 수주금액 (2026년) | R3: 목표가 | S3: 견적가(AB) | T3: 견적가(CD) | U3: 제조원가 | V3: 손익(%) | W3: 입금 총액 | X3: 비고
B4: 1 | C4: 한국 | D4: 티랩
C34: Sub-Amount | O34: =SUM(O4:O33) -> 0 | P34: =SUM(P4:P33) -> 0 | Q34: =SUM(Q4:Q33) -> 0 | R34: =SUM(R4:R33) -> 0 | S34: =SUM(S4:S33) -> 0 | T34: =SUM(T4:T33) -> 0 | U34: =SUM(U4:U33) -> 0 | V34: =SUM(V4:V33) -> 0 | W34: =SUM(W4:W33) -> 0

Sheet 9.마루소프트
B3: 순 | C3: 국가 | D3: 고객 | E3: 견적번호 | F3: RFQ no. | G3: 견적일 | H3: 유효일 | I3: PO no. | J3: 수주일 | K3: 납기 | L3: Item | M3: 구분 | N3: 수량 | O3: 수주금액 (전체) | P3: 수주금액 (2025년) | Q3: 수주금액 (2026년) | R3: 목표가 | S3: 견적가(AB) | T3: 견적가(CD) | U3: 제조원가 | V3: 손익(%) | W3: 입금 총액 | X3: 비고
B4: 1 | C4: 한국 | D4: 마루소프트
C34: Sub-Amount | O34: =SUM(O4:O33) -> 0 | P34: =SUM(P4:P33) -> 0 | Q34: =SUM(Q4:Q33) -> 0 | R34: =SUM(R4:R33) -> 0 | S34: =SUM(S4:S33) -> 0 | T34: =SUM(T4:T33) -> 0 | U34: =SUM(U4:U33) -> 0 | V34: =SUM(V4:V33) -> 0 | W34: =SUM(W4:W33) -> 0

Sheet 10.신진금고
B3: 순 | C3: 국가 | D3: 고객 | E3: 견적번호 | F3: RFQ no. | G3: 견적일 | H3: 유효일 | I3: PO no. | J3: 수주일 | K3: 납기 | L3: Item | M3: 구분 | N3: 수량 | O3: 수주금액 (전체) | P3: 수주금액 (2025년) | Q3: 수주금액 (2026년) | R3: 목표가 | S3: 견적가(AB) | T3: 견적가(CD) | U3: 제조원가 | V3: 손익(%) | W3: 입금 총액 | X3: 비고
B4: 1 | C4: 한국 | D4: 신진금고
C34: Sub-Amount | O34: =SUM(O4:O33) -> 0 | P34: =SUM(P4:P33) -> 0 | Q34: =SUM(Q4:Q33) -> 0 | R34: =SUM(R4:R33) -> 0 | S34: =SUM(S4:S33) -> 0 | T34: =SUM(T4:T33) -> 0 | U34: =SUM(U4:U33) -> 0 | V34: =SUM(V4:V33) -> 0 | W34: =SUM(W4:W33) -> 0

Sheet 11.인터모빌리티
B3: 순 | C3: 국가 | D3: 고객 | E3: 견적번호 | F3: RFQ no. | G3: 견적일 | H3: 유효일 | I3: PO no. | J3: 수주일 | K3: 납기 | L3: Item | M3: 구분 | N3: 수량 | O3: 수주금액 (전체) | P3: 수주금액 (2025년) | Q3: 수주금액 (2026년) | R3: 목표가 | S3: 견적가(AB) | T3: 견적가(CD) | U3: 제조원가 | V3: 손익(%) | W3: 입금 총액 | X3: 비고
B4: 1 | C4: 한국 | D4: 인터모빌리티 | E4: 20250205-01 | G4: 45693 | H4: =G4+15 -> 45708 | M4: 인도네시아 경전철 차량유지보수 부품 | R4: 82990000 | T4: 82990000
C34: Sub-Amount | O34: =SUM(O4:O33) -> 0 | P34: =SUM(P4:P33) -> 0 | Q34: =SUM(Q4:Q33) -> 0 | R34: =SUM(R4:R33) -> 82990000 | S34: =SUM(S4:S33) -> 0 | T34: =SUM(T4:T33) -> 82990000 | U34: =SUM(U4:U33) -> 0 | V34: =SUM(V4:V33) -> 0 | W34: =SUM(W4:W33) -> 0

Sheet 12.GMTECH
B3: 순 | C3: 국가 | D3: 고객 | E3: 견적번호 | F3: RFQ no. | G3: 견적일 | H3: 유효일 | I3: PO no. | J3: 수주일 | K3: 납기 | L3: Item | M3: 구분 | N3: 수량 | O3: 수주금액 (전체) | P3: 수주금액 (2025년) | Q3: 수주금액 (2026년) | R3: 목표가 | S3: 견적가(AB) | T3: 견적가(CD) | U3: 제조원가 | V3: 손익(%) | W3: 입금 총액 | X3: 비고
B4: 1 | C4: 한국 | D4: GMTECH | E4: 20250211-01 | G4: 45698 | H4: =G4+15 -> 45713 | M4: 인도네시아 경전철 차량유지보수 부품 | R4: 575270000 | T4: 575270000
C34: Sub-Amount | O34: =SUM(O4:O33) -> 0 | P34: =SUM(P4:P33) -> 0 | Q34: =SUM(Q4:Q33) -> 0 | R34: =SUM(R4:R33) -> 575270000 | S34: =SUM(S4:S33) -> 0 | T34: =SUM(T4:T33) -> 575270000 | U34: =SUM(U4:U33) -> 0 | V34: =SUM(V4:V33) -> 0 | W34: =SUM(W4:W33) -> 0

Sheet 13.ONsemi
B3: 순 | C3: 국가 | D3: 고객 | E3: 견적번호 | F3: RFQ no. | G3: 견적일 | H3: 유효일 | I3: PO no. | J3: 수주일 | K3: 납기 | L3: Item | M3: 구분 | N3: 수량 | O3: 수주금액 (전체) | P3: 수주금액 (2025년) | Q3: 수주금액 (2026년) | R3: 목표가 | S3: 견적가(AB) | T3: 견적가(CD) | U3: 제조원가 | V3: 손익(%) | W3: 입금 총액 | X3: 비고
B4: 1 | C4: 한국 | D4: Onsemi | M4: 게이트 스위치 개발 | R4: 8000000 | T4: 8000000 | X4: 구두 견적 통보
C34: Sub-Amount | O34: =SUM(O4:O33) -> 0 | P34: =SUM(P4:P33) -> 0 | Q34: =SUM(Q4:Q33) -> 0 | R34: =SUM(R4:R33) -> 8000000 | S34: =SUM(S4:S33) -> 0 | T34: =SUM(T4:T33) -> 8000000 | U34: =SUM(U4:U33) -> 0 | V34: =SUM(V4:V33) -> 0 | W34: =SUM(W4:W33) -> 0

Sheet 14.아이디넷
B3: 순 | C3: 국가 | D3: 고객 | E3: 견적번호 | F3: RFQ no. | G3: 견적일 | H3: 유효일 | I3: PO no. | J3: 수주일 | K3: 납기 | L3: Item | M3: 구분 | N3: 수량 | O3: 수주금액 (전체) | P3: 수주금액 (2025년) | Q3: 수주금액 (2026년) | R3: 목표가 | S3: 견적가(AB) | T3: 견적가(CD) | U3: 제조원가 | V3: 손익(%) | W3: 입금 총액 | X3: 비고
B4: 1 | C4: 한국 | D4: 아이디넷 | E4: 202501071 | G4: 45664 | H4: =G4+15 -> 45679 | J4: =G4 -> 45664 | K4: =G4 -> 45664 | M4: 7호선 표시기(객실서버) 수리 | N4: 2 | O4: 1200000 | P4: 1200000 | Q4: 0 | R4: 1300000 | S4: 1300000
C34: Sub-Amount | O34: =SUM(O4:O33) -> 1200000 | P34: =SUM(P4:P33) -> 1200000 | Q34: =SUM(Q4:Q33) -> 0 | R34: =SUM(R4:R33) -> 1300000 | S34: =SUM(S4:S33) -> 1300000 | T34: =SUM(T4:T33) -> 0 | U34: =SUM(U4:U33) -> 0 | V34: =SUM(V4:V33) -> 0 | W34: =SUM(W4:W33) -> 0
