Workbook

Sheet Total
E2: 견적가 | H2: 수주가
B3: 순 | C3: 고객명 | E3: 전체 | F3: AB등급 | G3: CD등급 | H3: 전체 | I3: 2025년 | J3: 2026년 이월 | K3: 수주율(%) | L3: 제조원가 | M3: 손익(%) | N3: 비고
B4: 1 | C4: 지아이씨 | E4: =SUM(F4:G4) -> 3.9523568e+08 | F4: ='1.지아이씨'!S34 -> 3.9523568e+08 | G4: ='1.지아이씨'!T34 -> 0 | H4: ='1.지아이씨'!O34 -> 3.9523568e+08 | I4: ='1.지아이씨'!P34 -> 3.9523568e+08 | J4: ='1.지아이씨'!Q34 -> 0 | K4: =H4/E4 -> 1
B5: 2 | C5: 서울교통공사 | E5: =SUM(F5:G5) -> 186300000 | F5: ='2.서울교통공사'!S34 -> 0 | G5: ='2.서울교통공사'!T34 -> 186300000 | H5: ='2.서울교통공사'!O34 -> 1200000 | I5: ='2.서울교통공사'!P34 -> 1200000 | J5: ='2.서울교통공사'!Q34 -> 0 | K5: =H5/E5 -> 0.0064412238
B6: 3 | C6: 현대로템 | E6: =SUM(F6:G6) -> 528906340 | F6: ='3.현대로템'!S34 -> 518689340 | G6: ='3.현대로템'!T34 -> 10217000 | H6: ='3.현대로템'!O34 -> 19883340 | I6: ='3.현대로템'!P34 -> 19883340 | J6: ='3.현대로템'!Q34 -> 0 | K6: =H6/E6 -> 0.03759331 | N6: 250513 KTU 신역사 방송소프트웨어 업데이트 수정 견적 제출
B7: 4 | C7: 다원시스 | E7: =SUM(F7:G7) -> 510623467 | F7: ='4.다원시스'!S34 -> 287000000 | G7: ='4.다원시스'!T34 -> 223623467 | H7: ='4.다원시스'!O34 -> 287000000 | I7: ='4.다원시스'!P34 -> 287000000 | J7: ='4.다원시스'!Q34 -> 0 | K7: =H7/E7 -> 0.56205799
B8: 5 | C8: 인터모빌리티 | E8: =SUM(F8:G8) -> 119575000 | F8: ='5.인터모빌리티'!S34 -> 36585000 | G8: ='5.인터모빌리티'!T34 -> 82990000 | H8: ='5.인터모빌리티'!O34 -> 0 | I8: ='5.인터모빌리티'!P34 -> 0 | J8: ='5.인터모빌리티'!Q34 -> 0 | K8: =H8/E8 -> 0 | N8: 250516 MAIN CTL. BD 개발 견적 완료
B9: 6 | C9: GMTECH | E9: =SUM(F9:G9) -> 560588000 | F9: ='6.GMTECH'!S34 -> 560588000 | G9: ='6.GMTECH'!T34 -> 0 | H9: ='6.GMTECH'!O34 -> 0 | I9: ='6.GMTECH'!P34 -> 0 | J9: ='6.GMTECH'!Q34 -> 0 | K9: =H9/E9 -> 0
B10: 7-1 | C10: 기타 | D10: 김포골드라인SRS | E10: =SUM(F10:G10) -> 0 | F10: =SUMIF('7.기타'!$C$4:$C$33, Total!D10, '7.기타'!$S$4:$S$33) -> 0 | G10: =SUMIF('7.기타'!$C$4:$C$33, Total!D10, '7.기타'!$T$4:$T$33) -> 0 | H10: =SUMIF('7.기타'!$C$4:$C$33, Total!D10, '7.기타'!$O$4:$O$33) -> 0 | I10: =SUMIF('7.기타'!$C$4:$C$33, Total!D10, '7.기타'!$P$4:$P$33) -> 0 | J10: =SUMIF('7.기타'!$C$4:$C$33, Total!D10, '7.기타'!$Q$4:$Q$33) -> 0 | K10: =H10/E10 -> #DIV/0!
B11: 7-2 | D11: Onsemi | E11: =SUM(F11:G11) -> 8000000 | F11: =SUMIF('7.기타'!$C$4:$C$33, Total!D11, '7.기타'!$S$4:$S$33) -> 0 | G11: =SUMIF('7.기타'!$C$4:$C$33, Total!D11, '7.기타'!$T$4:$T$33) -> 8000000 | H11: =SUMIF('7.기타'!$C$4:$C$33, Total!D11, '7.기타'!$O$4:$O$33) -> 0 | I11: =SUMIF('7.기타'!$C$4:$C$33, Total!D11, '7.기타'!$P$4:$P$33) -> 0 | J11: =SUMIF('7.기타'!$C$4:$C$33, Total!D11, '7.기타'!$Q$4:$Q$33) -> 0 | K11: =H11/E11 -> 0
B12: 7-3 | D12: 실리콘큐브 | E12: =SUM(F12:G12) -> 0 | F12: =SUMIF('7.기타'!$C$4:$C$33, Total!D12, '7.기타'!$S$4:$S$33) -> 0 | G12: =SUMIF('7.기타'!$C$4:$C$33, Total!D12, '7.기타'!$T$4:$T$33) -> 0 | H12: =SUMIF('7.기타'!$C$4:$C$33, Total!D12, '7.기타'!$O$4:$O$33) -> 0 | I12: =SUMIF('7.기타'!$C$4:$C$33, Total!D12, '7.기타'!$P$4:$P$33) -> 0 | J12: =SUMIF('7.기타'!$C$4:$C$33, Total!D12, '7.기타'!$Q$4:$Q$33) -> 0 | K12: =H12/E12 -> #DIV/0!
B13: 7-4 | D13: 무한테크 | E13: =SUM(F13:G13) -> 0 | F13: =SUMIF('7.기타'!$C$4:$C$33, Total!D13, '7.기타'!$S$4:$S$33) -> 0 | G13: =SUMIF('7.기타'!$C$4:$C$33, Total!D13, '7.기타'!$T$4:$T$33) -> 0 | H13: =SUMIF('7.기타'!$C$4:$C$33, Total!D13, '7.기타'!$O$4:$O$33) -> 0 | I13: =SUMIF('7.기타'!$C$4:$C$33, Total!D13, '7.기타'!$P$4:$P$33) -> 0 | J13: =SUMIF('7.기타'!$C$4:$C$33, Total!D13, '7.기타'!$Q$4:$Q$33) -> 0 | K13: =H13/E13 -> #DIV/0!
B14: 7-5 | D14: 티랩 | E14: =SUM(F14:G14) -> 0 | F14: =SUMIF('7.기타'!$C$4:$C$33, Total!D14, '7.기타'!$S$4:$S$33) -> 0 | G14: =SUMIF('7.기타'!$C$4:$C$33, Total!D14, '7.기타'!$T$4:$T$33) -> 0 | H14: =SUMIF('7.기타'!$C$4:$C$33, Total!D14, '7.기타'!$O$4:$O$33) -> 0 | I14: =SUMIF('7.기타'!$C$4:$C$33, Total!D14, '7.기타'!$P$4:$P$33) -> 0 | J14: =SUMIF('7.기타'!$C$4:$C$33, Total!D14, '7.기타'!$Q$4:$Q$33) -> 0 | K14: =H14/E14 -> #DIV/0!
B15: 7-6 | D15: 마루소프트 | E15: =SUM(F15:G15) -> 0 | F15: =SUMIF('7.기타'!$C$4:$C$33, Total!D15, '7.기타'!$S$4:$S$33) -> 0 | G15: =SUMIF('7.기타'!$C$4:$C$33, Total!D15, '7.기타'!$T$4:$T$33) -> 0 | H15: =SUMIF('7.기타'!$C$4:$C$33, Total!D15, '7.기타'!$O$4:$O$33) -> 0 | I15: =SUMIF('7.기타'!$C$4:$C$33, Total!D15, '7.기타'!$P$4:$P$33) -> 0 | J15: =SUMIF('7.기타'!$C$4:$C$33, Total!D15, '7.기타'!$Q$4:$Q$33) -> 0 | K15: =H15/E15 -> #DIV/0!
B16: 7-7 | D16: 신진금고 | E16: =SUM(F16:G16) -> 0 | F16: =SUMIF('7.기타'!$C$4:$C$33, Total!D16, '7.기타'!$S$4:$S$33) -> 0 | G16: =SUMIF('7.기타'!$C$4:$C$33, Total!D16, '7.기타'!$T$4:$T$33) -> 0 | H16: =SUMIF('7.기타'!$C$4:$C$33, Total!D16, '7.기타'!$O$4:$O$33) -> 0 | I16: =SUMIF('7.기타'!$C$4:$C$33, Total!D16, '7.기타'!$P$4:$P$33) -> 0 | J16: =SUMIF('7.기타'!$C$4:$C$33, Total!D16, '7.기타'!$Q$4:$Q$33) -> 0 | K16: =H16/E16 -> #DIV/0!
B17: 7-8 | D17: 위플랫 | E17: =SUM(F17:G17) -> 120000000 | F17: =SUMIF('7.기타'!$C$4:$C$33, Total!D17, '7.기타'!$S$4:$S$33) -> 120000000 | G17: =SUMIF('7.기타'!$C$4:$C$33, Total!D17, '7.기타'!$T$4:$T$33) -> 0 | H17: =SUMIF('7.기타'!$C$4:$C$33, Total!D17, '7.기타'!$O$4:$O$33) -> 0 | I17: =SUMIF('7.기타'!$C$4:$C$33, Total!D17, '7.기타'!$P$4:$P$33) -> 0 | J17: =SUMIF('7.기타'!$C$4:$C$33, Total!D17, '7.기타'!$Q$4:$Q$33) -> 0 | K17: =H17/E17 -> 0
C19: 합계 | E19: =SUM(F19:G19) -> 2.4292285e+09 | F19: =SUM(F4:F18) -> 1.918098e+09 | G19: =SUM(G4:G18) -> 511130467 | H19: =SUM(H4:H18) -> 7.0331902e+08 | I19: =SUM(I4:I18) -> 7.0331902e+08 | J19: =SUM(J4:J18) -> 0 | K19: =H19/E19 -> 0.28952362

Sheet 1.지아이씨
B3: 순 | C3: 고객 | D3: 국가 | E3: 견적번호 | F3: RFQ no. | G3: 견적일 | H3: 유효일 | I3: PO no. | J3: 수주일 | K3: 납기 | L3: Item | M3: 구분 | N3: 수량 | O3: 수주금액 (전체) | P3: 수주금액 (2025년) | Q3: 수주금액 (2026년) | R3: 목표가 | S3: 견적가(AB) | T3: 견적가(CD) | U3: 제조원가 | V3: 손익(%) | W3: 입금 총액 | X3: 비고
B4: 1 | C4: 지아이씨 | D4: 홍콩 | G4: 45436 | H4: 45804 | I4: CSP24-0524-1 | J4: =G4 -> 45436 | K4: =H4 -> 45804 | M4: MOP, MSR, CTM 생산 | O4: 245497525 | P4: 245497525 | Q4: 0 | R4: 2.4549752e+08 | S4: 2.4549752e+08 | W4: =4813677+105213225 -> 110026902
B5: 2 | C5: 지아이씨 | D5: 홍콩 | G5: 45548 | H5: 45688 | I5: CSP24-0913-1 | J5: =G5 -> 45548 | K5: =H5 -> 45688 | L5: 1 | M5: MSR NVR | N5: 51 | O5: 13983023 | P5: 13983023 | Q5: 0 | R5: 13983023 | S5: 13983023 | W5: 0
L6: 2 | M6: MSR HUB | N6: 51 | O6: 10164755 | P6: 10164755 | Q6: 0 | R6: 10164755 | S6: 10164755 | W6: 0
L7: 3 | M7: MSR MTX | N7: 51 | O7: 9341652.3 | P7: 9341652.3 | Q7: 0 | R7: 9341652.3 | S7: 9341652.3 | W7: 0
L8: 4 | M8: MSR TCIU HUB | N8: 51 | O8: 7854455.4 | P8: 7854455.4 | Q8: 0 | R8: 7854455.4 | S8: 7854455.4 | W8: 0
L9: 5 | M9: MSR TCIU CTL | N9: 51 | O9: 9422642.7 | P9: 9422642.7 | Q9: 0 | R9: 9422642.7 | S9: 9422642.7 | W9: 0
L10: 6 | M10: MSR PBX | N10: 51 | O10: 4421700 | P10: 4421700 | Q10: 0 | R10: 4421700 | S10: 4421700 | W10: 0
L11: 7 | M11: MSR SSD | N11: 102 | O11: 10373400 | P11: 10373400 | Q11: 0 | R11: 10373400 | S11: 10373400 | W11: 0
L12: 8 | M12: MSR ETX | N12: 51 | O12: 7264302.3 | P12: 7264302.3 | Q12: 0 | R12: 7264302.3 | S12: 7264302.3 | W12: 0
L13: 9 | M13: MSR Back Plane | N13: 51 | O13: 4590000 | P13: 4590000 | Q13: 0 | R13: 4590000 | S13: 4590000 | W13: 0
L14: 10 | M14: MOP CTL | N14: 51 | O14: 7246837.5 | P14: 7246837.5 | Q14: 0 | R14: 7246837.5 | S14: 7246837.5 | W14: 0
L15: 11 | M15: MOP LCD | N15: 51 | O15: 6505758.9 | P15: 6505758.9 | Q15: 0 | R15: 6505758.9 | S15: 6505758.9 | W15: 0
L16: 12 | M16: CTM CTL | N16: 51 | O16: 14136023 | P16: 14136023 | Q16: 0 | R16: 14136023 | S16: 14136023 | W16: 0
B17: 3 | C17: 지아이씨 | D17: 홍콩 | G17: 45558 | H17: 45657 | I17: CSP24-0923-1 | J17: =G17 -> 45558 | K17: =H17 -> 45657 | L17: 2 | M17: LCD CONTROL BOARD. FOR MOP. | N17: 10 | O17: 8188800 | P17: 8188800 | Q17: 0 | R17: 8188800 | S17: 8188800 | W17: 8188800
H18: 45777 | K18: =H18 -> 45777 | L18: 8 | M18: MSR NVR BOARD. FOR MSR. | N18: 10 | O18: 12435200 | P18: 12435200 | Q18: 0 | R18: 12435200 | S18: 12435200 | W18: 12435200
H19: 45657 | K19: =H19 -> 45657 | L19: 11 | M19: CONTROL BOARD. FOR CTM. | N19: 20 | O19: 23809600 | P19: 23809600 | Q19: 0 | R19: 23809600 | S19: 23809600 | W19: 23809600
O34: =SUM(O4:O33) -> 3.9523568e+08 | P34: =SUM(P4:P33) -> 3.9523568e+08 | Q34: =SUM(Q4:Q33) -> 0 | R34: =SUM(R4:R33) -> 3.9523568e+08 | S34: =SUM(S4:S33) -> 3.9523568e+08 | T34: =SUM(T4:T33) -> 0 | U34: =SUM(U4:U33) -> 0 | V34: =SUM(V4:V33) -> 0 | W34: =SUM(W4:W33) -> 154460502

Sheet 2.서울교통공사
B3: 순 | C3: 고객 | D3: 국가 | E3: 견적번호 | F3: RFQ no. | G3: 견적일 | H3: 유효일 | I3: PO no. | J3: 수주일 | K3: 납기 | L3: Item | M3: 구분 | N3: 수량 | O3: 수주금액 (전체) | P3: 수주금액 (2025년) | Q3: 수주금액 (2026년) | R3: 목표가 | S3: 견적가(AB) | T3: 견적가(CD) | U3: 제조원가 | V3: 손익(%) | W3: 입금 총액 | X3: 비고
B4: 1 | C4: 서울교통공사 | D4: 한국 | E4: 2024121901 | G4: 45650 | H4: =G4+15 -> 45665 | M4: 7호선 3차분 PIS-CSC 장치 개조 | R4: 182000000 | T4: 182000000
C5: 서울교통공사 | E5: 20250207-1 | G5: 45695 | H5: =G5+15 -> 45710 | M5: 7호선 3차분 표시기 업데이트 | R5: 3000000 | T5: 3000000
B6: 2 | C6: 아이디넷 | D6: 한국 | E6: 202501071 | G6: 45664 | H6: =G6+15 -> 45679 | J6: =G6 -> 45664 | K6: =G6 -> 45664 | M6: 7호선 표시기(객실서버) 수리 | N6: 2 | O6: 1200000 | P6: 1200000 | Q6: 0 | R6: 1300000 | T6: 1300000 | X6: 네이버시스템 법정관리로 아이디넷 수주 정보 통합
O34: =SUM(O4:O33) -> 1200000 | P34: =SUM(P4:P33) -> 1200000 | Q34: =SUM(Q4:Q33) -> 0 | R34: =SUM(R4:R33) -> 186300000 | S34: =SUM(S4:S33) -> 0 | T34: =SUM(T4:T33) -> 186300000 | U34: =SUM(U4:U33) -> 0 | V34: =SUM(V4:V33) -> 0 | W34: =SUM(W4:W33) -> 0

Sheet 3.현대로템
B3: 순 | C3: 고객 | D3: 국가 | E3: 견적번호 | F3: RFQ no. | G3: 견적일 | H3: 유효일 | I3: PO no. | J3: 수주일 | K3: 납기 | L3: Item | M3: 구분 | N3: 수량 | O3: 수주금액 (전체) | P3: 수주금액 (2025년) | Q3: 수주금액 (2026년) | R3: 목표가 | S3: 견적가(AB) | T3: 견적가(CD) | U3: 제조원가 | V3: 손익(%) | W3: 입금 총액 | X3: 비고
B4: 1 | C4: 현대로템 | D4: 홍콩 | E4: 20240225-1 | G4: 45693 | H4: =G4+15 -> 45708 | I4: HRCPO20250226-001 | J4: 45714 | K4: 45741 | M4: EIDS 수리비 및 보수품 | O4: 9983340 | P4: 9983340 | Q4: 0 | R4: 9983340 | S4: 9983340 | X4: 6885
B5: 2 | C5: 현대로템 | D5: 말레이시아 | E5: 2025041501 | G5: 45762 | H5: =G5+15 -> 45777 | M5: 말레이시아 예비품 | R5: 188500000 | S5: 188500000 | X5: LED 품목 2종 포함 20250415 재견적
B6: 3 | C6: 현대로템 | D6: 홍콩 | E6: 20250325-1 | G6: 45741 | H6: =G6+15 -> 45756 | I6: HRCPO20250326-001 | J6: 45742 | M6: 홍콩 SW 및 AP, WIFI 점검 출장 | O6: 9900000 | P6: 9900000 | Q6: 0 | R6: 9900000 | S6: 9900000 | X6: US$ 6875.00 / 4월 15일 이내 입금 예정
B7: 4 | C7: 현대로템 | D7: 홍콩 | E7: 2025040801 | G7: 45790 | H7: =G7+15 -> 45805 | M7: 신역사 KTU 추가 방송소프트웨어 업데이트 | R7: 310306000 | S7: 310306000 | X7: 250513 수정 견적서 제출 완료 / MTR에서 로템과 PAPIS 포함 사업전체 계약 요망
B8: 5 | C8: 현대로템 | D8: 대한민국 | E8: HSJ20250425-01 | G8: 45772 | H8: =G8+15 -> 45787 | M8: 9호선열차번호표시기SW업데이트 | R8: 10217000 | T8: 10217000 | X8: 250425 견적서 제출 완료
O34: =SUM(O4:O33) -> 19883340 | P34: =SUM(P4:P33) -> 19883340 | Q34: =SUM(Q4:Q33) -> 0 | R34: =SUM(R4:R33) -> 528906340 | S34: =SUM(S4:S33) -> 518689340 | T34: =SUM(T4:T33) -> 10217000 | U34: =SUM(U4:U33) -> 0 | V34: =SUM(V4:V33) -> 0 | W34: =SUM(W4:W33) -> 0

Sheet 4.다원시스
B3: 순 | C3: 고객 | D3: 국가 | E3: 견적번호 | F3: RFQ no. | G3: 견적일 | H3: 유효일 | I3: PO no. | J3: 수주일 | K3: 납기 | L3: Item | M3: 구분 | N3: 수량 | O3: 수주금액 (전체) | P3: 수주금액 (2025년) | Q3: 수주금액 (2026년) | R3: 목표가 | S3: 견적가(AB) | T3: 견적가(CD) | U3: 제조원가 | V3: 손익(%) | W3: 입금 총액 | X3: 비고
B4: 1 | C4: 다원시스 | D4: 한국 | G4: 45454 | H4: 45747 | I4: DWE-2024-JUN-11-001 | J4: =G4 -> 45454 | K4: =H4 -> 45747 | M4: 서울7호선 3차분 TCMS 개조 | O4: 189000000 | P4: 189000000 | Q4: 0 | R4: 189000000 | S4: 189000000
B5: 2 | C5: 다원시스 | D5: 한국 | E5: 202406241 | G5: 45533 | H5: 45838 | I5: DWE-2024-AUG-29-001 | J5: =G5 -> 45533 | K5: =H5 -> 45838 | M5: 4호선 방송편집기 소프트웨어개발 | O5: 98000000 | P5: 98000000 | Q5: 0 | R5: 98000000 | S5: 98000000
B6: 3 | C6: 다원시스 | D6: 한국 | E6: 2025022701 | G6: 45715 | H6: =G6+15 -> 45730 | M6: 4호선210량 소프트웨어 1년 개선비 + 기존 업데이트 비용 | R6: 70000000 | T6: 40000000 | X6: 2024121901 (\70,000,000)에 대한 수정견적
B7: 4 | C7: 다원시스 | D7: 한국 | E7: 20250210-1 | G7: 45698 | H7: =G7+15 -> 45713 | M7: 코레일 EMU-150 TCMS 기반 통합편집기 | R7: 210731048 | T7: 183623467 | X7: 20250123-1 (\210,731,048)에 대한 수정견적
O34: =SUM(O4:O33) -> 287000000 | P34: =SUM(P4:P33) -> 287000000 | Q34: =SUM(Q4:Q33) -> 0 | R34: =SUM(R4:R33) -> 567731048 | S34: =SUM(S4:S33) -> 287000000 | T34: =SUM(T4:T33) -> 223623467 | U34: =SUM(U4:U33) -> 0 | V34: =SUM(V4:V33) -> 0 | W34: =SUM(W4:W33) -> 0

Sheet 5.인터모빌리티
B3: 순 | C3: 고객 | D3: 국가 | E3: 견적번호 | F3: RFQ no. | G3: 견적일 | H3: 유효일 | I3: PO no. | J3: 수주일 | K3: 납기 | L3: Item | M3: 구분 | N3: 수량 | O3: 수주금액 (전체) | P3: 수주금액 (2025년) | Q3: 수주금액 (2026년) | R3: 목표가 | S3: 견적가(AB) | T3: 견적가(CD) | U3: 제조원가 | V3: 손익(%) | W3: 입금 총액 | X3: 비고
B4: 1 | C4: 인터모빌리티 | D4: 인도네시아 | E4: 20250205-01 | G4: 45693 | H4: =G4+15 -> 45708 | M4: 인도네시아 경전철 차량유지보수 부품 | R4: 82990000 | T4: 82990000
B5: 2 | C5: 인터모빌리티 | D5: 한국 | G5: 45793 | H5: =G5+15 -> 45808 | M5: MAIN CTL. BD 개발 | R5: 36585000 | S5: 36585000
O34: =SUM(O4:O33) -> 0 | P34: =SUM(P4:P33) -> 0 | Q34: =SUM(Q4:Q33) -> 0 | R34: =SUM(R4:R33) -> 119575000 | S34: =SUM(S4:S33) -> 36585000 | T34: =SUM(T4:T33) -> 82990000 | U34: =SUM(U4:U33) -> 0 | V34: =SUM(V4:V33) -> 0 | W34: =SUM(W4:W33) -> 0

Sheet 6.GMTECH
B3: 순 | C3: 고객 | D3: 국가 | E3: 견적번호 | F3: RFQ no. | G3: 견적일 | H3: 유효일 | I3: PO no. | J3: 수주일 | K3: 납기 | L3: Item | M3: 구분 | N3: 수량 | O3: 수주금액 (전체) | P3: 수주금액 (2025년) | Q3: 수주금액 (2026년) | R3: 목표가 | S3: 견적가(AB) | T3: 견적가(CD) | U3: 제조원가 | V3: 손익(%) | W3: 입금 총액 | X3: 비고
B4: 1 | C4: GMTECH | D4: 인도네시아 | E4: 20250211-01 | G4: 45769 | H4: 45838 | M4: 인도네시아 경전철 차량유지보수 부품 | R4: 575270000 | S4: 560588000 | X4: 20250211-01 (\575,270,000)에 대한 수정견적
O34: =SUM(O4:O33) -> 0 | P34: =SUM(P4:P33) -> 0 | Q34: =SUM(Q4:Q33) -> 0 | R34: =SUM(R4:R33) -> 575270000 | S34: =SUM(S4:S33) -> 560588000 | T34: =SUM(T4:T33) -> 0 | U34: =SUM(U4:U33) -> 0 | V34: =SUM(V4:V33) -> 0 | W34: =SUM(W4:W33) -> 0

Sheet 7.기타
B3: 순 | C3: 고객 | D3: 국가 | E3: 견적번호 | F3: RFQ no. | G3: 견적일 | H3: 유효일 | I3: PO no. | J3: 수주일 | K3: 납기 | L3: Item | M3: 구분 | N3: 수량 | O3: 수주금액 (전체) | P3: 수주금액 (2025년) | Q3: 수주금액 (2026년) | R3: 목표가 | S3: 견적가(AB) | T3: 견적가(CD) | U3: 제조원가 | V3: 손익(%) | W3: 입금 총액 | X3: 비고
B4: 1 | C4: 김포골드라인 | D4: 한국
B5: 2 | C5: Onsemi | D5: 한국 | M5: 게이트 스위치 개발 | R5: 8000000 | T5: 8000000 | X5: 구두 견적 통보
B6: 3 | C6: 실리콘큐브 | D6: 한국
B7: 4 | C7: 무한테크 | D7: 한국
B8: 5 | C8: 티랩 | D8: 한국
B9: 6 | C9: 마루소프트 | D9: 한국
B10: 7 | C10: 신진금고 | D10: 한국
B11: 8 | C11: 위플랫 | D11: 한국 | G11: 45786 | M11: GPR 시스템 개발 | R11: 120000000 | S11: 120000000 | X11: K-water (한국수자원공사) 개방형 혁신 R&D 연구과제 참여
O34: =SUM(O4:O33) -> 0 | P34: =SUM(P4:P33) -> 0 | Q34: =SUM(Q4:Q33) -> 0 | R34: =SUM(R4:R33) -> 128000000 | S34: =SUM(S4:S33) -> 120000000 | T34: =SUM(T4:T33) -> 8000000 | U34: =SUM(U4:U33) -> 0 | V34: =SUM(V4:V33) -> 0 | W34: =SUM(W4:W33) -> 0
