Workbook

Sheet Total
E2: 견적가 | H2: 수주가
B3: 순 | C3: 고객명 | E3: 전체 | F3: AB등급 | G3: CD등급 | H3: 전체 | I3: 2025년 | J3: 2026년 이월 | K3: 수주율(%) | L3: 제조원가 | M3: 손익(%) | N3: 비고
B4: 1 | C4: 지아이씨 | E4: =SUM(F4:G4) -> 3.9523568e+08 | F4: ='1.지아이씨'!S34 -> 3.9523568e+08 | G4: ='1.지아이씨'!T34 -> 0 | H4: ='1.지아이씨'!O34 -> 3.9523568e+08 | I4: ='1.지아이씨'!P34 -> 3.9523568e+08 | J4: ='1.지아이씨'!Q34 -> 0 | K4: =H4/E4 -> 1
B5: 2 | C5: 현대로템 | E5: =SUM(F5:G5) -> 1320133790 | F5: ='2.현대로템'!S34 -> 1131633790 | G5: ='2.현대로템'!T34 -> 188500000 | H5: ='2.현대로템'!O34 -> 28567790 | I5: ='2.현대로템'!P34 -> 28567790 | J5: ='2.현대로템'!Q34 -> 0 | K5: =H5/E5 -> 0.021640072 | N5: 250818 [KTU 신역사] 라이선스 리스크 비용 책정 검토 250702 [9호선 열차번호표시기 SW] e-mail로 PO 대체 / 250724 예비품 개발 가능 여부 검토 중
B6: 3 | C6: 인터모빌리티 | E6: =SUM(F6:G6) -> 71836909 | F6: ='3.인터모빌리티'!S34 -> 71836909 | G6: ='3.인터모빌리티'!T34 -> 0 | H6: ='3.인터모빌리티'!O34 -> 71836909 | I6: ='3.인터모빌리티'!P34 -> 71836909 | J6: ='3.인터모빌리티'!Q34 -> 0 | K6: =H6/E6 -> 1
B7: 4 | C7: 다원시스 | E7: =SUM(F7:G7) -> 510623467 | F7: ='4.다원시스'!S34 -> 287000000 | G7: ='4.다원시스'!T34 -> 223623467 | H7: ='4.다원시스'!O34 -> 287000000 | I7: ='4.다원시스'!P34 -> 287000000 | J7: ='4.다원시스'!Q34 -> 0 | K7: =H7/E7 -> 0.56205799
B8: 5 | C8: 서울교통공사 | E8: =SUM(F8:G8) -> 258380000 | F8: ='5.서울교통공사'!S34 -> 0 | G8: ='5.서울교통공사'!T34 -> 258380000 | H8: ='5.서울교통공사'!O34 -> 1200000 | I8: ='5.서울교통공사'!P34 -> 1200000 | J8: ='5.서울교통공사'!Q34 -> 0 | K8: =H8/E8 -> 0.0046443223
B9: 6 | C9: 고구려엔지니어링 | E9: =SUM(F9:G9) -> 328059000 | F9: ='6.고구려엔지니어링'!S34 -> 0 | G9: ='6.고구려엔지니어링'!T34 -> 328059000
B10: 7 | C10: GMTECH | E10: =SUM(F10:G10) -> 30791000 | F10: ='7.GMTECH'!S34 -> 30791000 | G10: ='7.GMTECH'!T34 -> 0 | H10: ='7.GMTECH'!O34 -> 0 | I10: ='7.GMTECH'!P34 -> 0 | J10: ='7.GMTECH'!Q34 -> 0 | K10: =H10/E10 -> 0
B11: 8-1 | C11: 기타 | D11: 김포골드라인SRS | E11: =SUM(F11:G11) -> 0 | F11: =SUMIF('8.기타'!$C$4:$C$33, Total!D11, '8.기타'!$S$4:$S$33) -> 0 | G11: =SUMIF('8.기타'!$C$4:$C$33, Total!D11, '8.기타'!$T$4:$T$33) -> 0 | H11: =SUMIF('8.기타'!$C$4:$C$33, Total!D11, '8.기타'!$O$4:$O$33) -> 0 | I11: =SUMIF('8.기타'!$C$4:$C$33, Total!D11, '8.기타'!$P$4:$P$33) -> 0 | J11: =SUMIF('8.기타'!$C$4:$C$33, Total!D11, '8.기타'!$Q$4:$Q$33) -> 0 | K11: =H11/E11 -> #DIV/0!
B12: 8-2 | D12: Onsemi | E12: =SUM(F12:G12) -> 8000000 | F12: =SUMIF('8.기타'!$C$4:$C$33, Total!D12, '8.기타'!$S$4:$S$33) -> 0 | G12: =SUMIF('8.기타'!$C$4:$C$33, Total!D12, '8.기타'!$T$4:$T$33) -> 8000000 | H12: =SUMIF('8.기타'!$C$4:$C$33, Total!D12, '8.기타'!$O$4:$O$33) -> 0 | I12: =SUMIF('8.기타'!$C$4:$C$33, Total!D12, '8.기타'!$P$4:$P$33) -> 0 | J12: =SUMIF('8.기타'!$C$4:$C$33, Total!D12, '8.기타'!$Q$4:$Q$33) -> 0 | K12: =H12/E12 -> 0
B13: 8-3 | D13: 실리콘큐브 | E13: =SUM(F13:G13) -> 0 | F13: =SUMIF('8.기타'!$C$4:$C$33, Total!D13, '8.기타'!$S$4:$S$33) -> 0 | G13: =SUMIF('8.기타'!$C$4:$C$33, Total!D13, '8.기타'!$T$4:$T$33) -> 0 | H13: =SUMIF('8.기타'!$C$4:$C$33, Total!D13, '8.기타'!$O$4:$O$33) -> 0 | I13: =SUMIF('8.기타'!$C$4:$C$33, Total!D13, '8.기타'!$P$4:$P$33) -> 0 | J13: =SUMIF('8.기타'!$C$4:$C$33, Total!D13, '8.기타'!$Q$4:$Q$33) -> 0 | K13: =H13/E13 -> #DIV/0!
B14: 8-4 | D14: 무한테크 | E14: =SUM(F14:G14) -> 0 | F14: =SUMIF('8.기타'!$C$4:$C$33, Total!D14, '8.기타'!$S$4:$S$33) -> 0 | G14: =SUMIF('8.기타'!$C$4:$C$33, Total!D14, '8.기타'!$T$4:$T$33) -> 0 | H14: =SUMIF('8.기타'!$C$4:$C$33, Total!D14, '8.기타'!$O$4:$O$33) -> 0 | I14: =SUMIF('8.기타'!$C$4:$C$33, Total!D14, '8.기타'!$P$4:$P$33) -> 0 | J14: =SUMIF('8.기타'!$C$4:$C$33, Total!D14, '8.기타'!$Q$4:$Q$33) -> 0 | K14: =H14/E14 -> #DIV/0!
B15: 8-5 | D15: 티랩 | E15: =SUM(F15:G15) -> 0 | F15: =SUMIF('8.기타'!$C$4:$C$33, Total!D15, '8.기타'!$S$4:$S$33) -> 0 | G15: =SUMIF('8.기타'!$C$4:$C$33, Total!D15, '8.기타'!$T$4:$T$33) -> 0 | H15: =SUMIF('8.기타'!$C$4:$C$33, Total!D15, '8.기타'!$O$4:$O$33) -> 0 | I15: =SUMIF('8.기타'!$C$4:$C$33, Total!D15, '8.기타'!$P$4:$P$33) -> 0 | J15: =SUMIF('8.기타'!$C$4:$C$33, Total!D15, '8.기타'!$Q$4:$Q$33) -> 0 | K15: =H15/E15 -> #DIV/0!
B16: 8-6 | D16: 마루소프트 | E16: =SUM(F16:G16) -> 0 | F16: =SUMIF('8.기타'!$C$4:$C$33, Total!D16, '8.기타'!$S$4:$S$33) -> 0 | G16: =SUMIF('8.기타'!$C$4:$C$33, Total!D16, '8.기타'!$T$4:$T$33) -> 0 | H16: =SUMIF('8.기타'!$C$4:$C$33, Total!D16, '8.기타'!$O$4:$O$33) -> 0 | I16: =SUMIF('8.기타'!$C$4:$C$33, Total!D16, '8.기타'!$P$4:$P$33) -> 0 | J16: =SUMIF('8.기타'!$C$4:$C$33, Total!D16, '8.기타'!$Q$4:$Q$33) -> 0 | K16: =H16/E16 -> #DIV/0!
B17: 8-7 | D17: 신진금고 | E17: =SUM(F17:G17) -> 0 | F17: =SUMIF('8.기타'!$C$4:$C$33, Total!D17, '8.기타'!$S$4:$S$33) -> 0 | G17: =SUMIF('8.기타'!$C$4:$C$33, Total!D17, '8.기타'!$T$4:$T$33) -> 0 | H17: =SUMIF('8.기타'!$C$4:$C$33, Total!D17, '8.기타'!$O$4:$O$33) -> 0 | I17: =SUMIF('8.기타'!$C$4:$C$33, Total!D17, '8.기타'!$P$4:$P$33) -> 0 | J17: =SUMIF('8.기타'!$C$4:$C$33, Total!D17, '8.기타'!$Q$4:$Q$33) -> 0 | K17: =H17/E17 -> #DIV/0!
B18: 8-8 | D18: 위플랫 | E18: =SUM(F18:G18) -> 120000000 | F18: =SUMIF('8.기타'!$C$4:$C$33, Total!D18, '8.기타'!$S$4:$S$33) -> 0 | G18: =SUMIF('8.기타'!$C$4:$C$33, Total!D18, '8.기타'!$T$4:$T$33) -> 120000000 | H18: =SUMIF('8.기타'!$C$4:$C$33, Total!D18, '8.기타'!$O$4:$O$33) -> 0 | I18: =SUMIF('8.기타'!$C$4:$C$33, Total!D18, '8.기타'!$P$4:$P$33) -> 0 | J18: =SUMIF('8.기타'!$C$4:$C$33, Total!D18, '8.기타'!$Q$4:$Q$33) -> 0 | K18: =H18/E18 -> 0 | N18: 위플랫에서 대체 참여과제 탐색 중
C20: 합계 | E20: =SUM(F20:G20) -> 3.0430598e+09 | F20: =SUM(F4:F19) -> 1.9164974e+09 | G20: =SUM(G4:G19) -> 1126562467 | H20: =SUM(H4:H19) -> 7.8384037e+08 | I20: =SUM(I4:I19) -> 7.8384037e+08 | J20: =SUM(J4:J19) -> 0 | K20: =H20/E20 -> 0.25758296

Sheet 1.지아이씨
B3: 순 | C3: 고객 | D3: 국가 | E3: 견적번호 | F3: RFQ no. | G3: 견적일 | H3: 유효일 | I3: PO no. | J3: 수주일 | K3: 납기 | L3: Item | M3: 구분 | N3: 수량 | O3: 수주금액 (전체) | P3: 수주금액 (2025년) | Q3: 수주금액 (2026년) | R3: 목표가 | S3: 견적가(AB) | T3: 견적가(CD) | U3: 제조원가 | V3: 손익(%) | W3: 입금 총액 | X3: 비고
B4: 1 | C4: 지아이씨 | D4: 홍콩 | G4: 45436 | H4: 45804 | I4: CSP24-0524-1 | J4: =G4 -> 45436 | K4: =H4 -> 45804 | M4: MOP, MSR, CTM 생산 | O4: 245497525 | P4: 245497525 | Q4: 0 | R4: 2.4549752e+08 | S4: 2.4549752e+08 | W4: =4813677+105213225 -> 110026902 | X4: 2024년 수주 이월 / CTM & MSR 출고 후 프로젝트 종료
B5: 2 | C5: 지아이씨 | D5: 홍콩 | G5: 45548 | H5: 45688 | I5: CSP24-0913-1 | J5: =G5 -> 45548 | K5: =H5 -> 45688 | L5: 1 | M5: MSR NVR | N5: 51 | O5: 13983023 | P5: 13983023 | Q5: 0 | R5: 13983023 | S5: 13983023 | W5: =S5 -> 13983023 | X5: 2024년 수주 이월 / 250808 대금 30%(\105,304,551) 수금 / 프로젝트 종료
L6: 2 | M6: MSR HUB | N6: 51 | O6: 10164755 | P6: 10164755 | Q6: 0 | R6: 10164755 | S6: 10164755 | W6: =S6 -> 10164755
L7: 3 | M7: MSR MTX | N7: 51 | O7: 9341652.3 | P7: 9341652.3 | Q7: 0 | R7: 9341652.3 | S7: 9341652.3 | W7: =S7 -> 9341652.3
L8: 4 | M8: MSR TCIU HUB | N8: 51 | O8: 7854455.4 | P8: 7854455.4 | Q8: 0 | R8: 7854455.4 | S8: 7854455.4 | W8: =S8 -> 7854455.4
L9: 5 | M9: MSR TCIU CTL | N9: 51 | O9: 9422642.7 | P9: 9422642.7 | Q9: 0 | R9: 9422642.7 | S9: 9422642.7 | W9: =S9 -> 9422642.7
L10: 6 | M10: MSR PBX | N10: 51 | O10: 4421700 | P10: 4421700 | Q10: 0 | R10: 4421700 | S10: 4421700 | W10: =S10 -> 4421700
L11: 7 | M11: MSR SSD | N11: 102 | O11: 10373400 | P11: 10373400 | Q11: 0 | R11: 10373400 | S11: 10373400 | W11: =S11 -> 10373400
L12: 8 | M12: MSR ETX | N12: 51 | O12: 7264302.3 | P12: 7264302.3 | Q12: 0 | R12: 7264302.3 | S12: 7264302.3 | W12: =S12 -> 7264302.3
L13: 9 | M13: MSR Back Plane | N13: 51 | O13: 4590000 | P13: 4590000 | Q13: 0 | R13: 4590000 | S13: 4590000 | W13: =S13 -> 4590000
L14: 10 | M14: MOP CTL | N14: 51 | O14: 7246837.5 | P14: 7246837.5 | Q14: 0 | R14: 7246837.5 | S14: 7246837.5 | W14: =S14 -> 7246837.5
L15: 11 | M15: MOP LCD | N15: 51 | O15: 6505758.9 | P15: 6505758.9 | Q15: 0 | R15: 6505758.9 | S15: 6505758.9 | W15: =S15 -> 6505758.9
L16: 12 | M16: CTM CTL | N16: 51 | O16: 14136023 | P16: 14136023 | Q16: 0 | R16: 14136023 | S16: 14136023 | W16: =S16 -> 14136023
B17: 3 | C17: 지아이씨 | D17: 홍콩 | G17: 45558 | H17: 45657 | I17: CSP24-0923-1 | J17: =G17 -> 45558 | K17: =H17 -> 45657 | L17: 2 | M17: LCD CONTROL BOARD. FOR MOP. | N17: 10 | O17: 8188800 | P17: 8188800 | Q17: 0 | R17: 8188800 | S17: 8188800 | W17: 8188800 | X17: 2024년 수주 이월 / 프로젝트 종료
H18: 45777 | K18: =H18 -> 45777 | L18: 8 | M18: MSR NVR BOARD. FOR MSR. | N18: 10 | O18: 12435200 | P18: 12435200 | Q18: 0 | R18: 12435200 | S18: 12435200 | W18: 12435200
H19: 45657 | K19: =H19 -> 45657 | L19: 11 | M19: CONTROL BOARD. FOR CTM. | N19: 20 | O19: 23809600 | P19: 23809600 | Q19: 0 | R19: 23809600 | S19: 23809600 | W19: 23809600
O34: =SUM(O4:O33) -> 3.9523568e+08 | P34: =SUM(P4:P33) -> 3.9523568e+08 | Q34: =SUM(Q4:Q33) -> 0 | R34: =SUM(R4:R33) -> 3.9523568e+08 | S34: =SUM(S4:S33) -> 3.9523568e+08 | T34: =SUM(T4:T33) -> 0 | U34: =SUM(U4:U33) -> 0 | V34: =SUM(V4:V33) -> 0 | W34: =SUM(W4:W33) -> 2.5976505e+08

Sheet 2.현대로템
B3: 순 | C3: 고객 | D3: 국가 | E3: 견적번호 | F3: RFQ no. | G3: 견적일 | H3: 유효일 | I3: PO no. | J3: 수주일 | K3: 납기 | L3: Item | M3: 구분 | N3: 수량 | O3: 수주금액 (전체) | P3: 수주금액 (2025년) | Q3: 수주금액 (2026년) | R3: 목표가 | S3: 견적가(AB) | T3: 견적가(CD) | U3: 제조원가 | V3: 손익(%) | W3: 입금 총액 | X3: 비고
B4: 1 | C4: 현대로템 | D4: 홍콩 | E4: 20240225-1 | G4: 45693 | H4: =G4+15 -> 45708 | I4: HRCPO20250226-001 | J4: 45714 | K4: 45741 | M4: EIDS 수리비 및 보수품 | O4: 9983340 | P4: 9983340 | Q4: 0 | R4: 9983340 | S4: 9983340 | W4: =S4 -> 9983340 | X4: USD 6885 250615 수금 완료 / 프로젝트 종료
B5: 2 | C5: 현대로템 | D5: 말레이시아 | E5: 2025041501 | G5: 45762 | H5: =G5+15 -> 45777 | M5: 말레이시아 예비품 | R5: 188500000 | T5: 188500000 | X5: LED 품목 2종 포함 20250415 재견적
B6: 3 | C6: 현대로템 | D6: 홍콩 | E6: 20250325-1 | G6: 45741 | H6: =G6+15 -> 45756 | I6: HRCPO20250326-001 | J6: 45742 | M6: 홍콩 SW 및 AP, WIFI 점검 출장 | O6: 9900000 | P6: 9900000 | Q6: 0 | R6: 9900000 | S6: 9900000 | W6: =S6 -> 9900000 | X6: USD 6875 / 수금 완료 / 프로젝트 종료
B7: 4 | C7: 현대로템 | D7: 홍콩 | E7: 2025040801 | G7: 45790 | H7: =G7+15 -> 45805 | M7: 신역사 KTU 추가 방송소프트웨어 업데이트 | R7: 310306000 | S7: 310306000 | X7: 250605 가격 조정 요청에 5% 수준 가능 회신(이세한 미주영업팀장) 250829 업체등록 관련 서류 제출(신용평가보고서 제외)
B8: 5 | C8: 현대로템 | D8: 대한민국 | E8: HSJ20250425-01 | G8: 45772 | H8: =G8+15 -> 45787 | I8: e-mail | J8: 45840 | M8: 9호선열차번호표시기SW업데이트 | O8: 8684450 | P8: 8684450 | R8: 10217000 | S8: 8684450 | X8: 250702 e-mail로 PO 대체 / 250724 예비품 개발 가능 여부 검토 중
B9: 6 | C9: 현대로템 | D9: 카자흐스탄 | M9: 알마티 전동차 28량 방송장치 대체품
B10: 7 | C10: 현대로템 | D10: 인도네시아 | M10: 자카르타 경전철 방송장치 보드류 예비품 | S10: 97470000 | X10: 현대로템과 공동으로 시행청 협의 예정 (9월 3~4일)
B11: 8 | C11: 현대로템 | D11: 인도네시아 | M11: 자카르타 경전철 TCMS 신규 개발 | S11: 695290000 | X11: 현대로템과 공동으로 시행청 협의 예정 (9월 3~4일)
B12: 9 | C12: 현대로템 | D12: 튀르키예 | M12: 예니카프 전동차 68량 CCTV
B13: 10 | C13: 현대로템 | D13: 튀르키예 | M13: 예니카프 전동차 68량 스피커 및 노이즈 센서
B14: 11 | C14: 현대로템 | D14: 튀르키예 | M14: 마르마라이 전동차 OPERATION PANEL
B15: 12 | C15: 현대로템 | D15: 튀르키예 | M15: 예니카프 전동차 68량 보드
B16: 13 | C16: 현대로템 | D16: 튀르키예 | M16: 마르마라이 440량 CCTV
O34: =SUM(O4:O33) -> 28567790 | P34: =SUM(P4:P33) -> 28567790 | Q34: =SUM(Q4:Q33) -> 0 | R34: =SUM(R4:R33) -> 528906340 | S34: =SUM(S4:S33) -> 1131633790 | T34: =SUM(T4:T33) -> 188500000 | U34: =SUM(U4:U33) -> 0 | V34: =SUM(V4:V33) -> 0 | W34: =SUM(W4:W33) -> 19883340

Sheet 3.인터모빌리티
B3: 순 | C3: 고객 | D3: 국가 | E3: 견적번호 | F3: RFQ no. | G3: 견적일 | H3: 유효일 | I3: PO no. | J3: 수주일 | K3: 납기 | L3: Item | M3: 구분 | N3: 수량 | O3: 수주금액 (전체) | P3: 수주금액 (2025년) | Q3: 수주금액 (2026년) | R3: 목표가 | S3: 견적가(AB) | T3: 견적가(CD) | U3: 제조원가 | V3: 손익(%) | W3: 입금 총액 | X3: 비고
B4: 1 | C4: 인터모빌리티 | D4: 한국 | E4: HSJ20250516-01 | G4: 45793 | H4: =G4+15 -> 45808 | J4: 45849 | M4: 통전 검사기 HW 개발 | O4: 36585000 | P4: 36585000 | R4: 36585000 | S4: 36585000 | W4: 36585000 | X4: 250801 대금 수금 / 프로젝트 종료
B5: 2 | C5: 인터모빌리티 | D5: 한국 | E5: HSJ20250516-01 | G5: 45793 | H5: =G5+15 -> 45808 | J5: 45876 | M5: 통합통전검사기 개발 | O5: 9090909 | P5: 9090909 | R5: 9090909 | S5: 9090909 | W5: 9090909 | X5: 개발 자재대금 보전 성격 / 250811 대금 수금
B6: 3 | C6: 인터모빌리티 | D6: 한국 | E6: HSJ20250516-01 | G6: 45793 | H6: =G6+15 -> 45808 | J6: 45840 | M6: POSCO TCMS 관련 통신보드 HW 개발 | O6: 26161000 | P6: 26161000 | R6: 26161000 | S6: 26161000 | W6: =P6*0.3 -> 7848300 | X6: 250801 선금(30%) 수금 완료
O34: =SUM(O4:O33) -> 71836909 | P34: =SUM(P4:P33) -> 71836909 | Q34: =SUM(Q4:Q33) -> 0 | R34: =SUM(R4:R33) -> 71836909 | S34: =SUM(S4:S33) -> 71836909 | T34: =SUM(T4:T33) -> 0 | U34: =SUM(U4:U33) -> 0 | V34: =SUM(V4:V33) -> 0 | W34: =SUM(W4:W33) -> 53524209

Sheet 4.다원시스
B3: 순 | C3: 고객 | D3: 국가 | E3: 견적번호 | F3: RFQ no. | G3: 견적일 | H3: 유효일 | I3: PO no. | J3: 수주일 | K3: 납기 | L3: Item | M3: 구분 | N3: 수량 | O3: 수주금액 (전체) | P3: 수주금액 (2025년) | Q3: 수주금액 (2026년) | R3: 목표가 | S3: 견적가(AB) | T3: 견적가(CD) | U3: 제조원가 | V3: 손익(%) | W3: 입금 총액 | X3: 비고
B4: 1 | C4: 다원시스 | D4: 한국 | G4: 45454 | H4: 45747 | I4: DWE-2024-JUN-11-001 | J4: =G4 -> 45454 | K4: =H4 -> 45747 | M4: 서울7호선 3차분 TCMS 개조 | O4: 189000000 | P4: 189000000 | Q4: 0 | R4: 189000000 | S4: 189000000 | X4: 2024년 수주 이월 / 250808 중도금 30%(\81,000,000) 전자세금계산서 발급
B5: 2 | C5: 다원시스 | D5: 한국 | E5: 202406241 | G5: 45533 | H5: 45838 | I5: DWE-2024-AUG-29-001 | J5: =G5 -> 45533 | K5: =H5 -> 45838 | M5: 4호선 방송편집기 소프트웨어개발 | O5: 98000000 | P5: 98000000 | Q5: 0 | R5: 98000000 | S5: 98000000 | W5: =42000000 -> 42000000 | X5: 2024년 수주 이월
B6: 3 | C6: 다원시스 | D6: 한국 | E6: 2025022701 | G6: 45715 | H6: =G6+15 -> 45730 | M6: 4호선210량 소프트웨어 1년 개선비 + 기존 업데이트 비용 | R6: 70000000 | T6: 40000000 | X6: 20250704 계약 미체결 확정
B7: 4 | C7: 다원시스 | D7: 한국 | E7: 20250210-1 | G7: 45698 | H7: =G7+15 -> 45713 | M7: 코레일 EMU-150 TCMS 기반 통합편집기 | R7: 210731048 | T7: 183623467 | X7: 20250123-1 (\210,731,048)에 대한 수정견적
O34: =SUM(O4:O33) -> 287000000 | P34: =SUM(P4:P33) -> 287000000 | Q34: =SUM(Q4:Q33) -> 0 | R34: =SUM(R4:R33) -> 567731048 | S34: =SUM(S4:S33) -> 287000000 | T34: =SUM(T4:T33) -> 223623467 | U34: =SUM(U4:U33) -> 0 | V34: =SUM(V4:V33) -> 0 | W34: =SUM(W4:W33) -> 42000000

Sheet 5.서울교통공사
B3: 순 | C3: 고객 | D3: 국가 | E3: 견적번호 | F3: RFQ no. | G3: 견적일 | H3: 유효일 | I3: PO no. | J3: 수주일 | K3: 납기 | L3: Item | M3: 구분 | N3: 수량 | O3: 수주금액 (전체) | P3: 수주금액 (2025년) | Q3: 수주금액 (2026년) | R3: 목표가 | S3: 견적가(AB) | T3: 견적가(CD) | U3: 제조원가 | V3: 손익(%) | W3: 입금 총액 | X3: 비고
B4: 1 | C4: 서울교통공사 | D4: 한국 | E4: 2024121901 | G4: 45650 | H4: =G4+15 -> 45665 | M4: 7호선 3차분 PIS-CSC 장치 개조 | R4: 182000000 | T4: 182000000
C5: 서울교통공사 | E5: 20250207-1 | G5: 45695 | H5: =G5+15 -> 45710 | M5: 7호선 3차분 표시기 업데이트 | R5: 3000000 | T5: 3000000
C6: 서울교통공사 | E6: HSJ20250819-01 | G6: 45888 | H6: 45900 | M6: 7호선 3차분 CSC 대 수선 | R6: 72080000 | T6: 72080000 | X6: 서울교통공사에서 나라장터 통한 입찰공고 준비 중 (2026년)
B7: 2 | C7: 아이디넷 | D7: 한국 | E7: 202501071 | G7: 45664 | H7: =G7+15 -> 45679 | J7: =G7 -> 45664 | K7: =G7 -> 45664 | M7: 7호선 표시기(객실서버) 수리 | N7: 2 | O7: 1200000 | P7: 1200000 | Q7: 0 | R7: 1300000 | T7: 1300000 | X7: 네이버시스템 법정관리로 아이디넷 수주 정보 통합
M8: 7호선 3차분 PIS-CSC 장치 보수품
O34: =SUM(O4:O33) -> 1200000 | P34: =SUM(P4:P33) -> 1200000 | Q34: =SUM(Q4:Q33) -> 0 | R34: =SUM(R4:R33) -> 258380000 | S34: =SUM(S4:S33) -> 0 | T34: =SUM(T4:T33) -> 258380000 | U34: =SUM(U4:U33) -> 0 | V34: =SUM(V4:V33) -> 0 | W34: =SUM(W4:W33) -> 0

Sheet 6.고구려엔지니어링
B3: 순 | C3: 고객 | D3: 국가 | E3: 견적번호 | F3: RFQ no. | G3: 견적일 | H3: 유효일 | I3: PO no. | J3: 수주일 | K3: 납기 | L3: Item | M3: 구분 | N3: 수량 | O3: 수주금액 (전체) | P3: 수주금액 (2025년) | Q3: 수주금액 (2026년) | R3: 목표가 | S3: 견적가(AB) | T3: 견적가(CD) | U3: 제조원가 | V3: 손익(%) | W3: 입금 총액 | X3: 비고
B4: 1 | C4: 고구려 엔지니어링 | D4: 한국 | E4: HSJ20250521-03 | G4: 45798 | H4: 45747 | M4: ITX-새마을 객실안내표시장치 개선 | R4: 328059000 | T4: 328059000 | X4: 250521 견적 제출 완료
O34: =SUM(O4:O33) -> 0 | P34: =SUM(P4:P33) -> 0 | Q34: =SUM(Q4:Q33) -> 0 | R34: =SUM(R4:R33) -> 328059000 | S34: =SUM(S4:S33) -> 0 | T34: =SUM(T4:T33) -> 328059000 | U34: =SUM(U4:U33) -> 0 | V34: =SUM(V4:V33) -> 0 | W34: =SUM(W4:W33) -> 0

Sheet 7.GMTECH
B3: 순 | C3: 고객 | D3: 국가 | E3: 견적번호 | F3: RFQ no. | G3: 견적일 | H3: 유효일 | I3: PO no. | J3: 수주일 | K3: 납기 | L3: Item | M3: 구분 | N3: 수량 | O3: 수주금액 (전체) | P3: 수주금액 (2025년) | Q3: 수주금액 (2026년) | R3: 목표가 | S3: 견적가(AB) | T3: 견적가(CD) | U3: 제조원가 | V3: 손익(%) | W3: 입금 총액 | X3: 비고
B4: 1 | C4: GMTECH | D4: 인도네시아 | E4: 20250211-01_rev.3 | G4: 45877 | H4: 45900 | M4: 인도네시아 경전철 차량유지보수 부품 | R4: 575270000 | S4: 30791000 | X4: 250808 수정견적 제출
O34: =SUM(O4:O33) -> 0 | P34: =SUM(P4:P33) -> 0 | Q34: =SUM(Q4:Q33) -> 0 | R34: =SUM(R4:R33) -> 575270000 | S34: =SUM(S4:S33) -> 30791000 | T34: =SUM(T4:T33) -> 0 | U34: =SUM(U4:U33) -> 0 | V34: =SUM(V4:V33) -> 0 | W34: =SUM(W4:W33) -> 0

Sheet 8.기타
B3: 순 | C3: 고객 | D3: 국가 | E3: 견적번호 | F3: RFQ no. | G3: 견적일 | H3: 유효일 | I3: PO no. | J3: 수주일 | K3: 납기 | L3: Item | M3: 구분 | N3: 수량 | O3: 수주금액 (전체) | P3: 수주금액 (2025년) | Q3: 수주금액 (2026년) | R3: 목표가 | S3: 견적가(AB) | T3: 견적가(CD) | U3: 제조원가 | V3: 손익(%) | W3: 입금 총액 | X3: 비고
B4: 1 | C4: 김포골드라인SRS | D4: 한국 | M4: 김포골드라인 1차분 / 2차분
B5: 2 | C5: Onsemi | D5: 한국 | M5: 게이트 스위치 개발 | R5: 8000000 | T5: 8000000 | X5: 구두 견적 통보
B6: 3 | C6: 실리콘큐브 | D6: 한국
B7: 4 | C7: 무한테크 | D7: 한국
B8: 5 | C8: 티랩 | D8: 한국
B9: 6 | C9: 마루소프트 | D9: 한국
B10: 7 | C10: 신진금고 | D10: 한국
B11: 8 | C11: 위플랫 | D11: 한국 | G11: 45786 | M11: GPR 시스템 개발 | R11: 120000000 | T11: 120000000 | X11: 위플랫에서 대체 참여과제 탐색 중
O34: =SUM(O4:O33) -> 0 | P34: =SUM(P4:P33) -> 0 | Q34: =SUM(Q4:Q33) -> 0 | R34: =SUM(R4:R33) -> 128000000 | S34: =SUM(S4:S33) -> 0 | T34: =SUM(T4:T33) -> 128000000 | U34: =SUM(U4:U33) -> 0 | V34: =SUM(V4:V33) -> 0 | W34: =SUM(W4:W33) -> 0
