Workbook

Sheet Total
B2: 순 | C2: 고객명 | D2: 전체수주가 | E2: 2025년 수주가 | F2: 2026년 수주가 | G2: 입금 총액 | H2: 미수금 | I2: 비고
B3: 1 | C3: 지아이씨 | D3: ='1.지아이씨'!L34 -> 3.9523568e+08 | E3: ='1.지아이씨'!M34 -> 3.9523568e+08 | F3: ='1.지아이씨'!N34 -> 0 | G3: ='1.지아이씨'!P34 -> 4813677 | H3: ='1.지아이씨'!Q34 -> 0 | I3: 2025년 1월 31일 수정계약 (사급 금액 제외)
B4: 2 | C4: 김포골드라인 | D4: ='2.김포골드라인'!L34 -> 0 | E4: ='2.김포골드라인'!M34 -> 0 | F4: ='2.김포골드라인'!N34 -> 0 | G4: ='2.김포골드라인'!P34 -> 0 | H4: ='2.김포골드라인'!Q34 -> 0
B5: 3 | C5: 인천교통공사 | D5: ='3.인천교통공사'!L34 -> 0 | E5: ='3.인천교통공사'!M34 -> 0 | F5: ='3.인천교통공사'!N34 -> 0 | G5: ='3.인천교통공사'!P34 -> 0 | H5: ='3.인천교통공사'!Q34 -> 0
B6: 4 | C6: 현대로템 | D6: ='4.현대로템'!L34 -> 0 | E6: ='4.현대로템'!M34 -> 0 | F6: ='4.현대로템'!N34 -> 0 | G6: ='4.현대로템'!P34 -> 0 | H6: ='4.현대로템'!Q34 -> 0
B7: 5 | C7: 실리콘큐브 | D7: ='5.실리콘큐브'!L34 -> 0 | E7: ='5.실리콘큐브'!M34 -> 0 | F7: ='5.실리콘큐브'!N34 -> 0 | G7: ='5.실리콘큐브'!P34 -> 0 | H7: ='5.실리콘큐브'!Q34 -> 0
B8: 6 | C8: 무한테크 | D8: ='6.무한테크(우진산전)'!L34 -> 0 | E8: ='6.무한테크(우진산전)'!M34 -> 0 | F8: ='6.무한테크(우진산전)'!N34 -> 0 | G8: ='6.무한테크(우진산전)'!P34 -> 0 | H8: ='6.무한테크(우진산전)'!Q34 -> 0
B9: 7 | C9: 다원시스 | D9: ='7.다원시스'!L34 -> 287000000 | E9: ='7.다원시스'!M34 -> 287000000 | F9: ='7.다원시스'!N34 -> 0 | G9: ='7.다원시스'!P34 -> 0 | H9: ='7.다원시스'!Q34 -> 42000000 | I9: 1차 산출물 제출분 30%에 대한 전자세금계산서 발행 유예 중
B10: 8 | C10: 티랩 | D10: ='8.티랩'!L34 -> 0 | E10: ='8.티랩'!M34 -> 0 | F10: ='8.티랩'!N34 -> 0 | G10: ='8.티랩'!P34 -> 0 | H10: ='8.티랩'!Q34 -> 0
B11: 9 | C11: 마루소프트 | D11: ='9.마루소프트'!L34 -> 0 | E11: ='9.마루소프트'!M34 -> 0 | F11: ='9.마루소프트'!N34 -> 0 | G11: ='9.마루소프트'!P34 -> 0 | H11: ='9.마루소프트'!Q34 -> 0
B12: 10 | C12: 신진금고 | D12: ='10.신진금고'!L34 -> 0 | E12: ='10.신진금고'!M34 -> 0 | F12: ='10.신진금고'!N34 -> 0 | G12: ='10.신진금고'!P34 -> 0 | H12: ='10.신진금고'!Q34 -> 0
C20: 소계 | D20: =SUM(D3:D12) -> 6.8223568e+08 | E20: =SUM(E3:E12) -> 6.8223568e+08 | F20: =SUM(F3:F11) -> 0 | G20: =SUM(G3:G12) -> 4813677 | H20: =SUM(H3:H12) -> 42000000

Sheet 1.지아이씨
B3: 순 | C3: 국가 | D3: 고객 | E3: PO | F3: RFQ no. | G3: 수주일 | H3: 납기 | I3: Item | J3: 구분 | K3: 수량 | L3: 수주금액 (전체) | M3: 수주금액 (2025년) | N3: 수주금액 (2026년) | O3: 청구 (예정) 금액 | P3: 입금 총액 | Q3: 미수금 | R3: 비고 | S3: 대금지불조건
B4: 1 | C4: 한국 | D4: 지아이씨 | E4: CSP24-0524-1 | G4: 240524 | H4: 250227 | J4: MOP, MSR, CTM 생산 | L4: =SUM(M4:N4) -> 2.4549752e+08 | M4: 2.4549752e+08 | N4: 0 | O4: 4813677 | P4: 4813677 | Q4: =O4-P4 -> 0 | R4: 1. (2024년) 계약시 30% (105,213,225 KRW) 2. 제작 후 검사 전 30% 3. 검사 합격 후 납품 시 30% 4. 고객으로부터 물품대금 수령 후 잔금 10% | S4: 납품 후 계약조건 관계없이 정산 추진 | T4: 250108 KRW 4,813,677 전자세금계산서 발행 MOP 1EA, MSR 1EA, CTM 1EA
B5: 2 | C5: 한국 | D5: 지아이씨 | E5: CSP24-0913-1 | G5: 240913 | H5: 250131 | I5: 1 | J5: MSR NVR | K5: 51 | L5: =SUM(M5:N5) -> 13983023 | M5: 13983023 | N5: 0 | O5: 0 | P5: 0 | Q5: =O5-P5 -> 0 | R5: 1. (2024년) 계약 시 선금 70%
I6: 2 | J6: MSR HUB | K6: 51 | L6: =SUM(M6:N6) -> 10164755 | M6: 10164755 | N6: 0 | O6: 0 | P6: 0 | Q6: =O6-P6 -> 0 | R6: 2. 제작하고 검사 후 잔금 30%
I7: 3 | J7: MSR MTX | K7: 51 | L7: =SUM(M7:N7) -> 9341652.3 | M7: 9341652.3 | N7: 0 | O7: 0 | P7: 0 | Q7: =O7-P7 -> 0
I8: 4 | J8: MSR TCIU HUB | K8: 51 | L8: =SUM(M8:N8) -> 7854455.4 | M8: 7854455.4 | N8: 0 | O8: 0 | P8: 0 | Q8: =O8-P8 -> 0
I9: 5 | J9: MSR TCIU CTL | K9: 51 | L9: =SUM(M9:N9) -> 9422642.7 | M9: 9422642.7 | N9: 0 | O9: 0 | P9: 0 | Q9: =O9-P9 -> 0
I10: 6 | J10: MSR PBX | K10: 51 | L10: =SUM(M10:N10) -> 4421700 | M10: 4421700 | N10: 0 | O10: 0 | P10: 0 | Q10: =O10-P10 -> 0
I11: 7 | J11: MSR SSD | K11: 102 | L11: =SUM(M11:N11) -> 10373400 | M11: 10373400 | N11: 0 | O11: 0 | P11: 0 | Q11: =O11-P11 -> 0
I12: 8 | J12: MSR ETX | K12: 51 | L12: =SUM(M12:N12) -> 7264302.3 | M12: 7264302.3 | N12: 0 | O12: 0 | P12: 0 | Q12: =O12-P12 -> 0
I13: 9 | J13: MSR Back Plane | K13: 51 | L13: =SUM(M13:N13) -> 4590000 | M13: 4590000 | N13: 0 | O13: 0 | P13: 0 | Q13: =O13-P13 -> 0
I14: 10 | J14: MOP CTL | K14: 51 | L14: =SUM(M14:N14) -> 7246837.5 | M14: 7246837.5 | N14: 0 | O14: 0 | P14: 0 | Q14: =O14-P14 -> 0
I15: 11 | J15: MOP LCD | K15: 51 | L15: =SUM(M15:N15) -> 6505758.9 | M15: 6505758.9 | N15: 0 | O15: 0 | P15: 0 | Q15: =O15-P15 -> 0
I16: 12 | J16: CTM CTL | K16: 51 | L16: =SUM(M16:N16) -> 14136023 | M16: 14136023 | N16: 0 | O16: 0 | P16: 0 | Q16: =O16-P16 -> 0
B17: 3 | C17: 한국 | D17: 지아이씨 | E17: CSP24-0923-1 | G17: 240923 | H17: 241231 | I17: 2 | J17: LCD CONTROL BOARD. FOR MOP. | K17: 10 | L17: =SUM(M17:N17) -> 8188800 | M17: 8188800 | N17: 0 | O17: 0 | P17: 0 | Q17: =O17-P17 -> 0
H18: 250430 | I18: 8 | J18: MSR NVR BOARD. FOR MSR. | K18: 10 | L18: 12435200 | M18: 12435200 | N18: 0 | O18: 0 | P18: 0 | Q18: =O18-P18 -> 0 | S18: 2025년 1월 31일 수정계약 (사급 금액 제외)
H19: 241231 | I19: 11 | J19: CONTROL BOARD. FOR CTM. | K19: 20 | L19: 23809600 | M19: 23809600 | N19: 0 | O19: 0 | P19: 0 | Q19: =O19-P19 -> 0 | S19: 2025년 1월 31일 수정계약 (사급 금액 제외)
C34: Sub-Amount | L34: =SUM(L4:L33) -> 3.9523568e+08 | M34: =SUM(M4:M33) -> 3.9523568e+08 | N34: =SUM(N4:N33) -> 0 | O34: =SUM(O4:O33) -> 4813677 | P34: =SUM(P4:P33) -> 4813677 | Q34: =SUM(Q4:Q33) -> 0

Sheet 2.김포골드라인
B3: 순 | C3: 국가 | D3: 고객 | E3: PO | F3: RFQ no. | G3: 수주일 | H3: 납기 | I3: Item | J3: 구분 | K3: 수량 | L3: 수주금액 (전체) | M3: 수주금액 (2025년) | N3: 수주금액 (2026년) | O3: 청구 (예정) 금액 | P3: 입금 총액 | Q3: 미수금 | R3: 비고 | S3: 대금지불조건
B4: 1 | C4: 한국 | D4: 김포골드라인 | L4: 0 | M4: 0 | N4: =L4-M4 -> 0 | O4: 0 | P4: 0 | Q4: =O4-P4 -> 0
C34: Sub-Amount | L34: =SUM(L4:L33) -> 0 | M34: =SUM(M4:M33) -> 0 | N34: =SUM(N4:N33) -> 0 | O34: =SUM(O4:O33) -> 0 | P34: =SUM(P4:P33) -> 0 | Q34: =SUM(Q4:Q33) -> 0

Sheet 3.인천교통공사
B3: 순 | C3: 국가 | D3: 고객 | E3: PO | F3: RFQ no. | G3: 수주일 | H3: 납기 | I3: Item | J3: 구분 | K3: 수량 | L3: 수주금액 (전체) | M3: 수주금액 (2025년) | N3: 수주금액 (2026년) | O3: 청구 (예정) 금액 | P3: 입금 총액 | Q3: 미수금 | R3: 비고 | S3: 대금지불조건
B4: 1 | C4: 한국 | D4: 인천교통공사 | L4: 0 | M4: 0 | N4: =L4-M4 -> 0 | O4: 0 | P4: 0 | Q4: =O4-P4 -> 0
C34: Sub-Amount | L34: =SUM(L4:L33) -> 0 | M34: =SUM(M4:M33) -> 0 | N34: =SUM(N4:N33) -> 0 | O34: =SUM(O4:O33) -> 0 | P34: =SUM(P4:P33) -> 0 | Q34: =SUM(Q4:Q33) -> 0

Sheet 4.현대로템
B3: 순 | C3: 국가 | D3: 고객 | E3: PO | F3: RFQ no. | G3: 수주일 | H3: 납기 | I3: Item | J3: 구분 | K3: 수량 | L3: 수주금액 (전체) | M3: 수주금액 (2025년) | N3: 수주금액 (2026년) | O3: 청구 (예정) 금액 | P3: 입금 총액 | Q3: 미수금 | R3: 비고 | S3: 대금지불조건
B4: 1 | C4: 한국 | D4: 현대로템 | L4: 0 | M4: 0 | N4: =L4-M4 -> 0 | O4: 0 | P4: 0 | Q4: =O4-P4 -> 0
C34: Sub-Amount | L34: =SUM(L4:L33) -> 0 | M34: =SUM(M4:M33) -> 0 | N34: =SUM(N4:N33) -> 0 | O34: =SUM(O4:O33) -> 0 | P34: =SUM(P4:P33) -> 0 | Q34: =SUM(Q4:Q33) -> 0

Sheet 5.실리콘큐브
B3: 순 | C3: 국가 | D3: 고객 | E3: PO | F3: RFQ no. | G3: 수주일 | H3: 납기 | I3: Item | J3: 구분 | K3: 수량 | L3: 수주금액 (전체) | M3: 수주금액 (2025년) | N3: 수주금액 (2026년) | O3: 청구 (예정) 금액 | P3: 입금 총액 | Q3: 미수금 | R3: 비고 | S3: 대금지불조건
B4: 1 | C4: 한국 | D4: 실리콘큐브 | L4: 0 | M4: 0 | N4: =L4-M4 -> 0 | O4: 0 | P4: 0 | Q4: =O4-P4 -> 0
C34: Sub-Amount | L34: =SUM(L4:L33) -> 0 | M34: =SUM(M4:M33) -> 0 | N34: =SUM(N4:N33) -> 0 | O34: =SUM(O4:O33) -> 0 | P34: =SUM(P4:P33) -> 0 | Q34: =SUM(Q4:Q33) -> 0

Sheet 6.무한테크(우진산전)
B3: 순 | C3: 국가 | D3: 고객 | E3: PO | F3: RFQ no. | G3: 수주일 | H3: 납기 | I3: Item | J3: 구분 | K3: 수량 | L3: 수주금액 (전체) | M3: 수주금액 (2025년) | N3: 수주금액 (2026년) | O3: 청구 (예정) 금액 | P3: 입금 총액 | Q3: 미수금 | R3: 비고 | S3: 대금지불조건
B4: 1 | C4: 한국 | D4: 무한테크 | L4: 0 | M4: 0 | N4: =L4-M4 -> 0 | O4: 0 | P4: 0 | Q4: =O4-P4 -> 0
C34: Sub-Amount | L34: =SUM(L4:L33) -> 0 | M34: =SUM(M4:M33) -> 0 | N34: =SUM(N4:N33) -> 0 | O34: =SUM(O4:O33) -> 0 | P34: =SUM(P4:P33) -> 0 | Q34: =SUM(Q4:Q33) -> 0

Sheet 7.다원시스
B3: 순 | C3: 국가 | D3: 고객 | E3: PO | F3: RFQ no. | G3: 수주일 | H3: 납기 | I3: Item | J3: 구분 | K3: 수량 | L3: 수주금액 (전체) | M3: 수주금액 (2025년) | N3: 수주금액 (2026년) | O3: 청구 (예정) 금액 | P3: 입금 총액 | Q3: 미수금 | R3: 비고 | S3: 대금지불조건
B4: 1 | C4: 한국 | D4: 다원시스 | E4: DWE-2024-JUN-11-001 | G4: 240611 | H4: 250331 | I4: 1 | J4: 서울 7호선 3차분 TCMS 개조 | L4: 189000000 | M4: 189000000 | N4: 0 | O4: 0 | P4: 0 | Q4: =O4-P4 -> 0 | R4: 1. (2024년) 선급금 30% (81,000,000 KRW) 2. 초도편성 검사완료 시(~240715) 30% (25년 2월 초 철도연구원 레포트 승인 예상) 3. 초도 시운점검사 완료 시(~240915) 30% 4. 양산편성 완료 시(~250315) 10%
B5: 2 | C5: 한국 | D5: 다원시스 | E5: DWE-2024-AUG-29-001 | G5: 240829 | H5: 250630 | I5: 1 | J5: 4호선 방송편집기 소프트웨어개발 | L5: 98000000 | M5: 98000000 | N5: 0 | O5: 42000000 | P5: 0 | Q5: =O5-P5 -> 42000000 | R5: 1. (2024년) 선급금 30% (42,000,000 KRW) 2. 1차 산출물 제출 후 실행팀 확인 서명 완료본 제출 시 30% (전자세금계산서 발행 유예) 3. 발주처 승인 완료 시 40%
C34: Sub-Amount | L34: =SUM(L4:L33) -> 287000000 | M34: =SUM(M4:M33) -> 287000000 | N34: =SUM(N4:N33) -> 0 | O34: =SUM(O4:O33) -> 42000000 | P34: =SUM(P4:P33) -> 0 | Q34: =SUM(Q4:Q33) -> 42000000

Sheet 8.티랩
B3: 순 | C3: 국가 | D3: 고객 | E3: PO | F3: RFQ no. | G3: 수주일 | H3: 납기 | I3: Item | J3: 구분 | K3: 수량 | L3: 수주금액 (전체) | M3: 수주금액 (2025년) | N3: 수주금액 (2026년) | O3: 청구 (예정) 금액 | P3: 입금 총액 | Q3: 미수금 | R3: 비고 | S3: 대금지불조건
B4: 1 | C4: 한국 | D4: 티랩 | L4: 0 | M4: 0 | N4: =L4-M4 -> 0 | O4: 0 | P4: 0 | Q4: =O4-P4 -> 0
C34: Sub-Amount | L34: =SUM(L4:L33) -> 0 | M34: =SUM(M4:M33) -> 0 | N34: =SUM(N4:N33) -> 0 | O34: =SUM(O4:O33) -> 0 | P34: =SUM(P4:P33) -> 0 | Q34: =SUM(Q4:Q33) -> 0

Sheet 9.마루소프트
B3: 순 | C3: 국가 | D3: 고객 | E3: PO | F3: RFQ no. | G3: 수주일 | H3: 납기 | I3: Item | J3: 구분 | K3: 수량 | L3: 수주금액 (전체) | M3: 수주금액 (2025년) | N3: 수주금액 (2026년) | O3: 청구 (예정) 금액 | P3: 입금 총액 | Q3: 미수금 | R3: 비고 | S3: 대금지불조건
B4: 1 | C4: 한국 | D4: 마루소프트 | L4: 0 | M4: 0 | N4: =L4-M4 -> 0 | O4: 0 | P4: 0 | Q4: =O4-P4 -> 0
C34: Sub-Amount | L34: =SUM(L4:L33) -> 0 | M34: =SUM(M4:M33) -> 0 | N34: =SUM(N4:N33) -> 0 | O34: =SUM(O4:O33) -> 0 | P34: =SUM(P4:P33) -> 0 | Q34: =SUM(Q4:Q33) -> 0

Sheet 10.신진금고
B3: 순 | C3: 국가 | D3: 고객 | E3: PO | F3: RFQ no. | G3: 수주일 | H3: 납기 | I3: Item | J3: 구분 | K3: 수량 | L3: 수주금액 (전체) | M3: 수주금액 (2025년) | N3: 수주금액 (2026년) | O3: 청구 (예정) 금액 | P3: 입금 총액 | Q3: 미수금 | R3: 비고 | S3: 대금지불조건
B4: 1 | C4: 한국 | D4: 신진금고 | L4: 0 | M4: 0 | N4: =L4-M4 -> 0 | O4: 0 | P4: 0 | Q4: =O4-P4 -> 0
C34: Sub-Amount | L34: =SUM(L4:L33) -> 0 | M34: =SUM(M4:M33) -> 0 | N34: =SUM(N4:N33) -> 0 | O34: =SUM(O4:O33) -> 0 | P34: =SUM(P4:P33) -> 0 | Q34: =SUM(Q4:Q33) -> 0

Sheet 11.인터모빌리티
B3: 순 | C3: 국가 | D3: 고객 | E3: PO | F3: RFQ no. | G3: 수주일 | H3: 납기 | I3: Item | J3: 구분 | K3: 수량 | L3: 수주금액 (전체) | M3: 수주금액 (2025년) | N3: 수주금액 (2026년) | O3: 청구 (예정) 금액 | P3: 입금 총액 | Q3: 미수금 | R3: 비고 | S3: 대금지불조건
B4: 1 | C4: 한국 | D4: 인터모빌리티 | L4: 0 | M4: 0 | N4: =L4-M4 -> 0 | O4: 0 | P4: 0 | Q4: =O4-P4 -> 0
C34: Sub-Amount | L34: =SUM(L4:L33) -> 0 | M34: =SUM(M4:M33) -> 0 | N34: =SUM(N4:N33) -> 0 | O34: =SUM(O4:O33) -> 0 | P34: =SUM(P4:P33) -> 0 | Q34: =SUM(Q4:Q33) -> 0
