Workbook

Sheet Total
B2: 순 | C2: 고객명 | E2: 전체수주가 | F2: 2025년 수주가 | G2: 2026년 수주가 | H2: 입금 총액 | I2: 2025년 잔금 | J2: 미수금 | K2: 비고
B3: 1 | C3: 지아이씨 | E3: ='1.지아이씨'!L34 -> 3.9523568e+08 | F3: ='1.지아이씨'!M34 -> 3.9523568e+08 | G3: ='1.지아이씨'!N34 -> 0 | H3: ='1.지아이씨'!P34 -> 154460502 | I3: =F3-H3 -> 2.4077517e+08 | J3: ='1.지아이씨'!Q34 -> 0
B4: 2 | C4: 서울교통공사 | E4: ='2.서울교통공사'!L34 -> 1200000 | F4: ='2.서울교통공사'!M34 -> 1200000 | G4: ='2.서울교통공사'!N34 -> 0 | H4: ='2.서울교통공사'!P34 -> 0 | I4: =F4-H4 -> 1200000 | J4: ='2.서울교통공사'!Q34 -> 1200000 | K4: 네이버시스템 법정관리로 서울교통공사 변제 방안 강구 중
B5: 3 | C5: 현대로템 | E5: ='3.현대로템'!L34 -> 28567790 | F5: ='3.현대로템'!M34 -> 28567790 | G5: ='3.현대로템'!N34 -> 0 | H5: ='3.현대로템'!P34 -> 19883340 | I5: =F5-H5 -> 8684450 | J5: ='3.현대로템'!Q34 -> 0 | K5: [9호선열차번호표시기] 업무 종료(8월 중 예상) 후 대금 청구 예정
B6: 4 | C6: 다원시스 | E6: ='4.다원시스'!L34 -> 287000000 | F6: ='4.다원시스'!M34 -> 287000000 | G6: ='4.다원시스'!N34 -> 0 | H6: ='4.다원시스'!P34 -> 42000000 | I6: =F6-H6 -> 245000000 | J6: ='4.다원시스'!Q34 -> 0 | K6: 철기연 추가시험 후 \81,000,000 청구 예정 (7월 말)
B7: 5 | C7: 인터모빌리티 | E7: ='5.인터모빌리티'!L34 -> 36585000 | F7: ='5.인터모빌리티'!M34 -> 36585000 | G7: ='5.인터모빌리티'!N34 -> 0 | H7: ='5.인터모빌리티'!P34 -> 0 | I7: =F7-H7 -> 36585000 | J7: ='5.인터모빌리티'!Q34 -> 0 | K7: 7월말 대금 청구 예정
B8: 6 | C8: GMTECH | E8: ='6.GMTECH'!L34 -> 0 | F8: ='6.GMTECH'!M34 -> 0 | G8: ='6.GMTECH'!N34 -> 0 | H8: ='6.GMTECH'!P34 -> 0 | I8: =F8-H8 -> 0 | J8: ='6.GMTECH'!Q34 -> 0
B9: 7 | C9: 동화에프에이 | E9: ='7.동화에프에이'!L34 -> 0 | F9: ='7.동화에프에이'!M34 -> 0 | G9: ='7.동화에프에이'!N34 -> 0 | H9: ='7.동화에프에이'!P34 -> 0 | I9: =F9-H9 -> 0 | J9: ='7.동화에프에이'!Q34 -> 0
B10: 7-1 | C10: 기타 | D10: 김포골드라인 | E10: =SUMIF('8.기타'!$C$4:$C$33, Total!D10, '8.기타'!$L$3:$L$32) -> 0 | F10: =SUMIF('8.기타'!$C$4:$C$33, Total!E10, '8.기타'!$M$3:$M$32) -> 0 | G10: =SUMIF('8.기타'!$C$4:$C$33, Total!F10, '8.기타'!$N$3:$N$32) -> 0 | H10: =SUMIF('8.기타'!$C$4:$C$33, Total!F10, '8.기타'!$P$3:$P$32) -> 0 | I10: =F10-H10 -> 0 | J10: =SUMIF('8.기타'!$C$4:$C$33, Total!G10, '8.기타'!$Q$3:$Q$32) -> 0
B11: 7-2 | D11: Onsemi | E11: =SUMIF('8.기타'!$C$4:$C$33, Total!D11, '8.기타'!$L$3:$L$32) -> 0 | F11: =SUMIF('8.기타'!$C$4:$C$33, Total!E11, '8.기타'!$M$3:$M$32) -> 0 | G11: =SUMIF('8.기타'!$C$4:$C$33, Total!F11, '8.기타'!$N$3:$N$32) -> 0 | H11: =SUMIF('8.기타'!$C$4:$C$33, Total!F11, '8.기타'!$P$3:$P$32) -> 0 | I11: =F11-H11 -> 0 | J11: =SUMIF('8.기타'!$C$4:$C$33, Total!G11, '8.기타'!$Q$3:$Q$32) -> 0
B12: 7-3 | D12: 실리콘큐브 | E12: =SUMIF('8.기타'!$C$4:$C$33, Total!D12, '8.기타'!$L$3:$L$32) -> 0 | F12: =SUMIF('8.기타'!$C$4:$C$33, Total!E12, '8.기타'!$M$3:$M$32) -> 0 | G12: =SUMIF('8.기타'!$C$4:$C$33, Total!F12, '8.기타'!$N$3:$N$32) -> 0 | H12: =SUMIF('8.기타'!$C$4:$C$33, Total!F12, '8.기타'!$P$3:$P$32) -> 0 | I12: =F12-H12 -> 0 | J12: =SUMIF('8.기타'!$C$4:$C$33, Total!G12, '8.기타'!$Q$3:$Q$32) -> 0
B13: 7-4 | D13: 무한테크 | E13: =SUMIF('8.기타'!$C$4:$C$33, Total!D13, '8.기타'!$L$3:$L$32) -> 0 | F13: =SUMIF('8.기타'!$C$4:$C$33, Total!E13, '8.기타'!$M$3:$M$32) -> 0 | G13: =SUMIF('8.기타'!$C$4:$C$33, Total!F13, '8.기타'!$N$3:$N$32) -> 0 | H13: =SUMIF('8.기타'!$C$4:$C$33, Total!F13, '8.기타'!$P$3:$P$32) -> 0 | I13: =F13-H13 -> 0 | J13: =SUMIF('8.기타'!$C$4:$C$33, Total!G13, '8.기타'!$Q$3:$Q$32) -> 0
B14: 7-5 | D14: 티랩 | E14: =SUMIF('8.기타'!$C$4:$C$33, Total!D14, '8.기타'!$L$3:$L$32) -> 0 | F14: =SUMIF('8.기타'!$C$4:$C$33, Total!E14, '8.기타'!$M$3:$M$32) -> 0 | G14: =SUMIF('8.기타'!$C$4:$C$33, Total!F14, '8.기타'!$N$3:$N$32) -> 0 | H14: =SUMIF('8.기타'!$C$4:$C$33, Total!F14, '8.기타'!$P$3:$P$32) -> 0 | I14: =F14-H14 -> 0 | J14: =SUMIF('8.기타'!$C$4:$C$33, Total!G14, '8.기타'!$Q$3:$Q$32) -> 0
B15: 7-6 | D15: 마루소프트 | E15: =SUMIF('8.기타'!$C$4:$C$33, Total!D15, '8.기타'!$L$3:$L$32) -> 0 | F15: =SUMIF('8.기타'!$C$4:$C$33, Total!E15, '8.기타'!$M$3:$M$32) -> 0 | G15: =SUMIF('8.기타'!$C$4:$C$33, Total!F15, '8.기타'!$N$3:$N$32) -> 0 | H15: =SUMIF('8.기타'!$C$4:$C$33, Total!F15, '8.기타'!$P$3:$P$32) -> 0 | I15: =F15-H15 -> 0 | J15: =SUMIF('8.기타'!$C$4:$C$33, Total!G15, '8.기타'!$Q$3:$Q$32) -> 0
B16: 7-7 | D16: 신진금고 | E16: =SUMIF('8.기타'!$C$4:$C$33, Total!D16, '8.기타'!$L$3:$L$32) -> 0 | F16: =SUMIF('8.기타'!$C$4:$C$33, Total!E16, '8.기타'!$M$3:$M$32) -> 0 | G16: =SUMIF('8.기타'!$C$4:$C$33, Total!F16, '8.기타'!$N$3:$N$32) -> 0 | H16: =SUMIF('8.기타'!$C$4:$C$33, Total!F16, '8.기타'!$P$3:$P$32) -> 0 | I16: =F16-H16 -> 0 | J16: =SUMIF('8.기타'!$C$4:$C$33, Total!G16, '8.기타'!$Q$3:$Q$32) -> 0
C22: 소계 | E22: =SUM(E3:E21) -> 7.4858847e+08 | F22: =SUM(F3:F21) -> 7.4858847e+08 | G22: =SUM(G3:G21) -> 0 | H22: =SUM(H3:H21) -> 216343842 | I22: =SUM(I3:I21) -> 5.3224462e+08 | J22: =SUM(J3:J21) -> 1200000

Sheet 1.지아이씨
B3: 순 | C3: 고객 | D3: 국가 | E3: PO | F3: RFQ no. | G3: 수주일 | H3: 납기 | I3: Item | J3: 구분 | K3: 수량 | L3: 수주금액 (전체) | M3: 수주금액 (2025년) | N3: 수주금액 (2026년) | O3: 청구 (예정) 금액 | P3: 입금 총액 | Q3: 미수금 | R3: 비고 | S3: 대금지불조건
B4: 1 | C4: 지아이씨 | D4: 홍콩 | E4: CSP24-0524-1 | G4: 45436 | H4: 45804 | J4: MOP, MSR, CTM 생산 | L4: =SUM(M4:N4) -> 2.4549752e+08 | M4: 2.4549752e+08 | N4: 0 | O4: =4813677+105213225 -> 110026902 | P4: =4813677+105213225 -> 110026902 | Q4: =O4-P4 -> 0 | R4: 1. (2024년) 계약시 30% (105,213,225 KRW) 2. (수금완료) 제작 후 검사 전 30% 3. 검사 합격 후 납품 시 30% 4. 고객으로부터 물품대금 수령 후 잔금 10% | S4: 납품 후 계약조건 관계없이 정산 추진 | T4: 250414 KRW 105,213,225 전자세금계산서 중도금 30% | U4: 250108 KRW 4,813,677 전자세금계산서 MOP 1EA, MSR 1EA, CTM 1EA
B5: 2 | C5: 지아이씨 | D5: 홍콩 | E5: CSP24-0913-1 | G5: 45548 | H5: 45688 | I5: 1 | J5: MSR NVR | K5: 51 | L5: =SUM(M5:N5) -> 13983023 | M5: 13983023 | N5: 0 | O5: 0 | P5: 0 | Q5: =O5-P5 -> 0 | R5: 1. (2024년) 계약 시 선금 70%
I6: 2 | J6: MSR HUB | K6: 51 | L6: =SUM(M6:N6) -> 10164755 | M6: 10164755 | N6: 0 | O6: 0 | P6: 0 | Q6: =O6-P6 -> 0 | R6: 2. 제작하고 검사 후 잔금 30%
I7: 3 | J7: MSR MTX | K7: 51 | L7: =SUM(M7:N7) -> 9341652.3 | M7: 9341652.3 | N7: 0 | O7: 0 | P7: 0 | Q7: =O7-P7 -> 0
I8: 4 | J8: MSR TCIU HUB | K8: 51 | L8: =SUM(M8:N8) -> 7854455.4 | M8: 7854455.4 | N8: 0 | O8: 0 | P8: 0 | Q8: =O8-P8 -> 0
I9: 5 | J9: MSR TCIU CTL | K9: 51 | L9: =SUM(M9:N9) -> 9422642.7 | M9: 9422642.7 | N9: 0 | O9: 0 | P9: 0 | Q9: =O9-P9 -> 0
I10: 6 | J10: MSR PBX | K10: 51 | L10: =SUM(M10:N10) -> 4421700 | M10: 4421700 | N10: 0 | O10: 0 | P10: 0 | Q10: =O10-P10 -> 0
I11: 7 | J11: MSR SSD | K11: 102 | L11: =SUM(M11:N11) -> 10373400 | M11: 10373400 | N11: 0 | O11: 0 | P11: 0 | Q11: =O11-P11 -> 0
I12: 8 | J12: MSR ETX | K12: 51 | L12: =SUM(M12:N12) -> 7264302.3 | M12: 7264302.3 | N12: 0 | O12: 0 | P12: 0 | Q12: =O12-P12 -> 0
I13: 9 | J13: MSR Back Plane | K13: 51 | L13: =SUM(M13:N13) -> 4590000 | M13: 4590000 | N13: 0 | O13: 0 | P13: 0 | Q13: =O13-P13 -> 0
I14: 10 | J14: MOP CTL | K14: 51 | L14: =SUM(M14:N14) -> 7246837.5 | M14: 7246837.5 | N14: 0 | O14: 0 | P14: 0 | Q14: =O14-P14 -> 0
I15: 11 | J15: MOP LCD | K15: 51 | L15: =SUM(M15:N15) -> 6505758.9 | M15: 6505758.9 | N15: 0 | O15: 0 | P15: 0 | Q15: =O15-P15 -> 0
I16: 12 | J16: CTM CTL | K16: 51 | L16: =SUM(M16:N16) -> 14136023 | M16: 14136023 | N16: 0 | O16: 0 | P16: 0 | Q16: =O16-P16 -> 0
B17: 3 | C17: 지아이씨 | D17: 홍콩 | E17: CSP24-0923-1 | G17: 45558 | H17: 45657 | I17: 2 | J17: LCD CONTROL BOARD. FOR MOP. | K17: 10 | L17: =SUM(M17:N17) -> 8188800 | M17: 8188800 | N17: 0 | O17: 8188800 | P17: 8188800 | Q17: =O17-P17 -> 0 | T17: 계약 종료 / 25년 수주금액 입금 완료 | U17: 250324 KRW 44,433,600 전자세금계산서
H18: 45777 | I18: 8 | J18: MSR NVR BOARD. FOR MSR. | K18: 10 | L18: 12435200 | M18: 12435200 | N18: 0 | O18: 12435200 | P18: 12435200 | Q18: =O18-P18 -> 0
H19: 45657 | I19: 11 | J19: CONTROL BOARD. FOR CTM. | K19: 20 | L19: 23809600 | M19: 23809600 | N19: 0 | O19: 23809600 | P19: 23809600 | Q19: =O19-P19 -> 0
L34: =SUM(L4:L33) -> 3.9523568e+08 | M34: =SUM(M4:M33) -> 3.9523568e+08 | N34: =SUM(N4:N33) -> 0 | O34: =SUM(O4:O33) -> 154460502 | P34: =SUM(P4:P33) -> 154460502 | Q34: =SUM(Q4:Q33) -> 0

Sheet 2.서울교통공사
B3: 순 | C3: 고객 | D3: 국가 | E3: PO | F3: RFQ no. | G3: 수주일 | H3: 납기 | I3: Item | J3: 구분 | K3: 수량 | L3: 수주금액 (전체) | M3: 수주금액 (2025년) | N3: 수주금액 (2026년) | O3: 청구 (예정) 금액 | P3: 입금 총액 | Q3: 미수금 | R3: 비고 | S3: 대금지불조건
B4: 1 | C4: 서울교통공사 | D4: 한국 | J4: 7호선 3차분 PIS-CSC 장치 보수품 | L4: 0 | M4: 0 | N4: =L4-M4 -> 0 | O4: 0 | P4: 0 | Q4: =O4-P4 -> 0
B5: 1 | C5: 아이디넷 | D5: 한국 | G5: 45664 | H5: 45664 | J5: 7호선 표시기(객실서버) 수리 | K5: 2 | L5: 1200000 | M5: 1200000 | N5: =L5-M5 -> 0 | O5: 1200000 | P5: 0 | Q5: =O5-P5 -> 1200000 | R5: 네이버시스템 법정관리로 아이디넷 수주/미수금 정보 통합
L34: =SUM(L4:L33) -> 1200000 | M34: =SUM(M4:M33) -> 1200000 | N34: =SUM(N4:N33) -> 0 | O34: =SUM(O4:O33) -> 1200000 | P34: =SUM(P4:P33) -> 0 | Q34: =SUM(Q4:Q33) -> 1200000

Sheet 3.현대로템
B3: 순 | C3: 고객 | D3: 국가 | E3: PO | F3: RFQ no. | G3: 수주일 | H3: 납기 | I3: Item | J3: 구분 | K3: 수량 | L3: 수주금액 (전체) | M3: 수주금액 (2025년) | N3: 수주금액 (2026년) | O3: 청구 (예정) 금액 | P3: 입금 총액 | Q3: 미수금 | R3: 비고 | S3: 대금지불조건
B4: 1 | C4: 현대로템 | D4: 홍콩 | E4: HRCPO20250226-001 | G4: 45714 | H4: 45741 | J4: EIDS 수리비 및 보수품 | L4: 9983340 | M4: 9983340 | N4: =L4-M4 -> 0 | O4: 9983340 | P4: 9983340 | Q4: =O4-P4 -> 0 | R4: 6885
B5: 2 | C5: 현대로템 | D5: 홍콩 | E5: HRCPO20250326-001 | G5: 45742 | J5: 홍콩 SW 및 AP, WIFI 점검 출장 | L5: 9900000 | M5: 9900000 | N5: =L5-M5 -> 0 | O5: 9900000 | P5: 9900000 | Q5: =O5-P5 -> 0 | R5: 6875 / 환전 수수료 제외 실 입금 \9,746,387
B6: 3 | C6: 현대로템 | D6: 대한민국 | E6: e-mail | G6: 45840 | J6: 9호선열차번호표시기SW업데이트 | L6: 8684450 | M6: 8684450 | N6: =L6-M6 -> 0 | O6: 0 | P6: 0 | Q6: =O6-P6 -> 0 | R6: 250702 e-mail로 PO 대체 / 업무 종료(8월 중 예상) 후 세금계산서 발행
L34: =SUM(L4:L33) -> 28567790 | M34: =SUM(M4:M33) -> 28567790 | N34: =SUM(N4:N33) -> 0 | O34: =SUM(O4:O33) -> 19883340 | P34: =SUM(P4:P33) -> 19883340 | Q34: =SUM(Q4:Q33) -> 0

Sheet 4.다원시스
B3: 순 | C3: 고객 | D3: 국가 | E3: PO | F3: RFQ no. | G3: 수주일 | H3: 납기 | I3: Item | J3: 구분 | K3: 수량 | L3: 수주금액 (전체) | M3: 수주금액 (2025년) | N3: 수주금액 (2026년) | O3: 청구 (예정) 금액 | P3: 입금 총액 | Q3: 미수금 | R3: 비고 | S3: 대금지불조건
B4: 1 | C4: 다원시스 | D4: 한국 | E4: DWE-2024-JUN-11-001 | G4: 45454 | H4: 45747 | I4: 1 | J4: 서울 7호선 3차분 TCMS 개조 | L4: 189000000 | M4: 189000000 | N4: 0 | O4: 0 | P4: 0 | Q4: =O4-P4 -> 0 | R4: 1. (2024년) 선급금 30% (81,000,000 KRW) 2. 초도편성 검사완료 시 30% (25년 4월 중순 철도연구원 레포트 승인 예상) 3. 초도 시운점검사 완료 시 30% 4. 양산편성 완료 시 10%
B5: 2 | C5: 다원시스 | D5: 한국 | E5: DWE-2024-AUG-29-001 | G5: 45533 | H5: 45838 | I5: 1 | J5: 4호선 방송편집기 소프트웨어개발 | L5: 98000000 | M5: 98000000 | N5: 0 | O5: 42000000 | P5: 42000000 | Q5: =O5-P5 -> 0 | R5: 1. (2024년) 선급금 30% (42,000,000 KRW) 2. 1차 산출물 제출 후 실행팀 확인 서명 완료본 제출 시 30% (250310 42,000,000 KRW 입금) 3. 발주처 승인 완료 시 40%
L34: =SUM(L4:L33) -> 287000000 | M34: =SUM(M4:M33) -> 287000000 | N34: =SUM(N4:N33) -> 0 | O34: =SUM(O4:O33) -> 42000000 | P34: =SUM(P4:P33) -> 42000000 | Q34: =SUM(Q4:Q33) -> 0

Sheet 5.인터모빌리티
B3: 순 | C3: 고객 | D3: 국가 | E3: PO | F3: RFQ no. | G3: 수주일 | H3: 납기 | I3: Item | J3: 구분 | K3: 수량 | L3: 수주금액 (전체) | M3: 수주금액 (2025년) | N3: 수주금액 (2026년) | O3: 청구 (예정) 금액 | P3: 입금 총액 | Q3: 미수금 | R3: 비고 | S3: 대금지불조건
B4: 1 | C4: 인터모빌리티 | D4: 인도네시아 | E4: e-mail | G4: 45840 | L4: 36585000 | M4: 36585000 | N4: =L4-M4 -> 0 | O4: 0 | P4: 0 | Q4: =O4-P4 -> 0 | R4: 250702 e-mail로 PO 대체 / 7월 말 세금계산서 발행
L34: =SUM(L4:L33) -> 36585000 | M34: =SUM(M4:M33) -> 36585000 | N34: =SUM(N4:N33) -> 0 | O34: =SUM(O4:O33) -> 0 | P34: =SUM(P4:P33) -> 0 | Q34: =SUM(Q4:Q33) -> 0

Sheet 6.GMTECH
B3: 순 | C3: 고객 | D3: 국가 | E3: PO | F3: RFQ no. | G3: 수주일 | H3: 납기 | I3: Item | J3: 구분 | K3: 수량 | L3: 수주금액 (전체) | M3: 수주금액 (2025년) | N3: 수주금액 (2026년) | O3: 청구 (예정) 금액 | P3: 입금 총액 | Q3: 미수금 | R3: 비고 | S3: 대금지불조건
B4: 1 | C4: GMTECH | D4: 인도네시아 | L4: 0 | M4: 0 | N4: =L4-M4 -> 0 | O4: 0 | P4: 0 | Q4: =O4-P4 -> 0
L34: =SUM(L4:L33) -> 0 | M34: =SUM(M4:M33) -> 0 | N34: =SUM(N4:N33) -> 0 | O34: =SUM(O4:O33) -> 0 | P34: =SUM(P4:P33) -> 0 | Q34: =SUM(Q4:Q33) -> 0

Sheet 7.동화에프에이
B3: 순 | C3: 고객 | D3: 국가 | E3: PO | F3: RFQ no. | G3: 수주일 | H3: 납기 | I3: Item | J3: 구분 | K3: 수량 | L3: 수주금액 (전체) | M3: 수주금액 (2025년) | N3: 수주금액 (2026년) | O3: 청구 (예정) 금액 | P3: 입금 총액 | Q3: 미수금 | R3: 비고 | S3: 대금지불조건
B4: 1 | C4: 동화에프에이 | D4: 한국 | L4: 0 | M4: 0 | N4: =L4-M4 -> 0 | O4: 0 | P4: 0 | Q4: =O4-P4 -> 0
L34: =SUM(L4:L33) -> 0 | M34: =SUM(M4:M33) -> 0 | N34: =SUM(N4:N33) -> 0 | O34: =SUM(O4:O33) -> 0 | P34: =SUM(P4:P33) -> 0 | Q34: =SUM(Q4:Q33) -> 0

Sheet 8.기타
B3: 순 | C3: 고객 | D3: 국가 | E3: PO | F3: RFQ no. | G3: 수주일 | H3: 납기 | I3: Item | J3: 구분 | K3: 수량 | L3: 수주금액 (전체) | M3: 수주금액 (2025년) | N3: 수주금액 (2026년) | O3: 청구 (예정) 금액 | P3: 입금 총액 | Q3: 미수금 | R3: 비고 | S3: 대금지불조건
B4: 1 | C4: 김포골드라인 | D4: 한국 | L4: 0 | M4: 0 | N4: =L4-M4 -> 0 | O4: 0 | P4: 0 | Q4: =O4-P4 -> 0
B5: 2 | C5: Onsemi | D5: 한국 | L5: 0 | M5: 0 | N5: =L5-M5 -> 0 | O5: 0 | P5: 0 | Q5: =O5-P5 -> 0
B6: 3 | C6: 실리콘큐브 | D6: 한국 | L6: 0 | M6: 0 | N6: =L6-M6 -> 0 | O6: 0 | P6: 0 | Q6: =O6-P6 -> 0
B7: 4 | C7: 무한테크 | D7: 한국 | L7: 0 | M7: 0 | N7: =L7-M7 -> 0 | O7: 0 | P7: 0 | Q7: =O7-P7 -> 0
B8: 5 | C8: 티랩 | D8: 한국 | L8: 0 | M8: 0 | N8: =L8-M8 -> 0 | O8: 0 | P8: 0 | Q8: =O8-P8 -> 0
B9: 6 | C9: 마루소프트 | D9: 한국 | L9: 0 | M9: 0 | N9: =L9-M9 -> 0 | O9: 0 | P9: 0 | Q9: =O9-P9 -> 0
B10: 7 | C10: 신진금고 | D10: 한국 | L10: 0 | M10: 0 | N10: =L10-M10 -> 0 | O10: 0 | P10: 0 | Q10: =O10-P10 -> 0
L34: =SUM(L4:L33) -> 0 | M34: =SUM(M4:M33) -> 0 | N34: =SUM(N4:N33) -> 0 | O34: =SUM(O4:O33) -> 0 | P34: =SUM(P4:P33) -> 0 | Q34: =SUM(Q4:Q33) -> 0
