Workbook

Sheet Total
E2: 견적가 | I2: 수주가
B3: 구분 | C3: 순 | D3: 고객명 | E3: Total | F3: AB | G3: CD | I3: 전체수주가 | J3: 2024년 수주가 | K3: 2025년 수주가 | L3: 수주율 | M3: 제작사원가 | N3: 매출손익 | O3: 손익율 | P3: 비고
B4: 생산 | C4: 1 | D4: =지아이씨!D4 -> 지아이씨 | E4: =지아이씨!O26 -> 1137263287 | F4: =지아이씨!P26 -> 1137263287 | G4: =지아이씨!Q26 -> 0 | I4: =지아이씨!R26 -> 975546450 | J4: =지아이씨!S26 -> 624835700 | K4: =지아이씨!T26 -> 350710750 | L4: =I4/E4 -> 0.85780176 | M4: =지아이씨!U26 -> 0
C5: 2 | D5: 교통공사 | E5: =교통공사!M23 -> 207254910 | F5: =교통공사!N23 -> 207254910
C6: 3 | D6: 다원시스 | E6: =다원시스!N26 -> 748825915 | F6: =다원시스!O26 -> 270843306 | G6: =지아이씨!Q26 -> 0 | I6: =다원시스!Q26 -> 270000000 | J6: =다원시스!R26 -> 270000000 | K6: =다원시스!S26 -> 0 | L6: =I6/E6 -> 0.36056444 | M6: =다원시스!T26 -> 0
C7: 4 | D7: 실리콘큐브 | E7: =실리콘큐브!O26 -> 46840000 | F7: =실리콘큐브!P26 -> 46840000 | G7: =실리콘큐브!Q26 -> 0 | I7: =실리콘큐브!R26 -> 46840000 | J7: =실리콘큐브!S26 -> 46840000 | K7: =실리콘큐브!T26 -> 0 | L7: =I7/E7 -> 1 | M7: =실리콘큐브!U26 -> 0
C8: 5 | D8: 티랩 | E8: =티랩!O26 -> 482560000 | F8: =티랩!P26 -> 0 | G8: =티랩!Q26 -> 0 | I8: =티랩!R26 -> 0 | J8: =티랩!S26 -> 0 | K8: =티랩!T26 -> 0 | L8: =I8/E8 -> 0 | M8: =티랩!U26 -> 0
C9: 6
C10: 7
D18: 소계 | E18: =SUM(E4:E10) -> 2622744112 | F18: =SUM(F4:F10) -> 1662201503 | G18: =SUM(G4:G10) -> 0 | I18: =SUM(I4:I10) -> 1292386450 | J18: =SUM(J4:J10) -> 941675700 | K18: =SUM(K4:K9) -> 350710750 | L18: =I18/E18 -> 0.49276117 | M18: =SUM(M4:M10) -> 0 | N18: =SUM(N4:N10) -> 0 | O18: =N18/I18 -> 0

Sheet 지아이씨
B3: 순 | C3: 국가 | D3: 고객 | E3: 견적번호 | F3: RFQ no. | G3: 견적일 | H3: 유효일 | I3: Item | J3: 구분 | K3: 구분 | L3: 수량 | M3: 가능등급 | N3: 견적금액(외화) | O3: 견적금액(KRW) | P3: AB 등급 | Q3: CD등급 | R3: 수주금액 (전체) | S3: 수주금액 (2024년) | T3: 수주금액 (2025년) | U3: 업체가 | V3: 비고
B4: 1 | C4: 한국 | D4: 지아이씨 | E4: CSP24-0409-1 | G4: 240409 | H4: 240930 | J4: PAB, EID PSR, ETND, EDD 생산 | K4: PAB, EID, PSR, ETND, EDD생산 | M4: A | O4: 423083700 | P4: =O4 -> 423083700 | R4: =P4 -> 423083700 | S4: =R4 -> 423083700
B5: 2 | C5: 한국 | D5: 지아이씨 | E5: CSP24-0409-2 | G5: 240409 | H5: 240412 | K5: Board수리 | M5: A | O5: 3942000 | P5: =O5 -> 3942000 | R5: =P5 -> 3942000 | S5: =R5 -> 3942000
B6: 3 | C6: 한국 | D6: 지아이씨 | E6: CSP24-0524-1 | G6: 240524 | H6: 250227 | J6: MOP, MSR, CTM생산 | K6: MOP, MSR, CTM생산 | M6: A | O6: 350710750 | P6: =O6 -> 350710750 | R6: =P6 -> 350710750 | T6: =R6 -> 350710750
B7: 4 | C7: 한국 | D7: 지아이씨 | E7: CSP24-0524-2 | G7: 240524 | H7: 240726 | K7: PSR-Hub외 9종생산 | M7: A | O7: 197810000 | P7: =O7 -> 197810000 | R7: =P7 -> 197810000 | S7: =R7 -> 197810000
B8: 5 | C8: 한국 | D8: 지아이씨 | G8: 240801 | K8: PCB boards 생산 | M8: A | O8: 161716837 | P8: =O8 -> 161716837
C26: Sub-Amount | N26: =SUM(N4:N25) -> 0 | O26: =SUM(O4:O25) -> 1137263287 | P26: =SUM(P4:P25) -> 1137263287 | R26: =SUM(R4:R25) -> 975546450 | S26: =SUM(S4:S25) -> 624835700 | T26: =SUM(T4:T25) -> 350710750 | U26: =SUM(U4:U25) -> 0

Sheet 교통공사
B3: 순 | C3: 국가 | D3: 고객 | E3: 견적번호 | F3: RFQ no. | G3: 견적일 | H3: 유효일 | I3: Item | J3: 수량 | K3: 가능등급 | L3: 견적금액(외화) | M3: 견적금액(KRW) | N3: AB 등급 | O3: CD등급 | P3: 수주금액 (전체) | Q3: 수주금액 (2024년) | R3: 수주금액 (2025년) | S3: 업체가 | T3: 비고
B4: 1 | C4: 한국 | D4: 교통공사 | E4: 202408114 | G4: 240509 | H4: 240524 | I4: 7호선3차분 CSC교체품 | K4: A | M4: 207254910 | N4: =M4 -> 207254910
C23: Sub-Amount | L23: =SUM(L4:L22) -> 0 | M23: =SUM(M4:M22) -> 207254910 | N23: =SUM(N4:N22) -> 207254910 | P23: =SUM(P4:P22) -> 0 | Q23: =SUM(Q4:Q22) -> 0 | R23: =SUM(R4:R22) -> 0 | S23: =SUM(S4:S22) -> 0

Sheet 다원시스
B3: 순 | C3: 국가 | D3: 고객 | E3: 견적번호 | F3: RFQ no. | G3: 견적일 | H3: 유효일 | I3: Item | J3: 구분 | K3: 수량 | L3: 가능등급 | M3: 견적금액(외화) | N3: 견적금액(KRW) | O3: AB 등급 | P3: CD등급 | Q3: 수주금액 (전체) | R3: 수주금액 (2024년) | S3: 수주금액 (2025년) | T3: 업체가 | U3: 비고
B4: 1 | C4: 한국 | D4: 다원시스 | E4: DWE-2024-JUN-11-001 | G4: 240611 | H4: 250331 | I4: 서울7호선 3차분 TCMS 개조 | J4: 7호선3차분 TCMS 개조 | L4: A | N4: 270843306 | O4: =N4 -> 270843306 | Q4: 270000000 | R4: =Q4 -> 270000000 | U4: 선급금
B5: 2 | C5: 한국 | D5: 다원시스 | E5: 202406241 | G5: 240627 | H5: 240712 | I5: 4호선 방송편집기 소프트웨어개발 | J5: 4호선방송편집기 | L5: B | N5: 15642329
B6: 3 | C6: 한국 | D6: 다원시스 | G6: 240812 | H6: 240827 | I6: 7호선3차분 개조확산적용비용 | L6: A | N6: 349398820
B7: 4 | C7: 한국 | D7: 다원시스 | G7: 240812 | H7: 240827 | I7: 4호선 방송시험기 개발/시험기 세트 납품 | L7: B | N7: 112941460
C26: Sub-Amount | M26: =SUM(M4:M25) -> 0 | N26: =SUM(N4:N25) -> 748825915 | O26: =SUM(O4:O25) -> 270843306 | Q26: =SUM(Q4:Q25) -> 270000000 | R26: =SUM(R4:R25) -> 270000000 | S26: =SUM(S4:S25) -> 0 | T26: =SUM(T4:T25) -> 0

Sheet 실리콘큐브
B3: 순 | C3: 국가 | D3: 고객 | E3: 견적번호 | F3: RFQ no. | G3: 견적일 | H3: 유효일 | I3: Item | J3: 구분 | K3: 구분 | L3: 수량 | M3: 가능등급 | N3: 견적금액(외화) | O3: 견적금액(KRW) | P3: AB 등급 | Q3: CD등급 | R3: 수주금액 (전체) | S3: 수주금액 (2024년) | T3: 수주금액 (2025년) | U3: 업체가 | V3: 비고
B4: 1 | C4: 한국 | D4: 실리콘큐브 | E4: 뉴펄스진행 | I4: 홍콩수리품 | J4: MSR/PSR/MOP/CTM 수리 | K4: MSR/PSR/MOP/CTM 수리 | M4: A | O4: 46840000 | P4: =O4 -> 46840000 | R4: =P4 -> 46840000 | S4: =R4 -> 46840000
C26: Sub-Amount | N26: =SUM(N4:N25) -> 0 | O26: =SUM(O4:O25) -> 46840000 | P26: =SUM(P4:P25) -> 46840000 | R26: =SUM(R4:R25) -> 46840000 | S26: =SUM(S4:S25) -> 46840000 | T26: =SUM(T4:T25) -> 0 | U26: =SUM(U4:U25) -> 0

Sheet 티랩
B3: 순 | C3: 국가 | D3: 고객 | E3: 견적번호 | F3: RFQ no. | G3: 견적일 | H3: 유효일 | I3: Item | J3: 구분 | K3: 구분 | L3: 수량 | M3: 가능등급 | N3: 견적금액(외화) | O3: 견적금액(KRW) | P3: AB 등급 | Q3: CD등급 | R3: 수주금액 (전체) | S3: 수주금액 (2024년) | T3: 수주금액 (2025년) | U3: 업체가 | V3: 비고
B4: 1 | C4: 한국 | D4: 티랩 | E4: 202407031 | G4: 240703 | H4: 240718 | I4: 인도네시아 TCMS 개량 | J4: MSR/PSR/MOP/CTM 수리 | K4: MSR/PSR/MOP/CTM 수리 | M4: C | O4: 482560000 | Q4: =O4 -> 482560000 | S4: =R4 -> 0
C26: Sub-Amount | N26: =SUM(N4:N25) -> 0 | O26: =SUM(O4:O25) -> 482560000 | P26: =SUM(P4:P25) -> 0 | R26: =SUM(R4:R25) -> 0 | S26: =SUM(S4:S25) -> 0 | T26: =SUM(T4:T25) -> 0 | U26: =SUM(U4:U25) -> 0
