Workbook

Sheet Total
E2: 견적가 | I2: 수주가
B3: 구분 | C3: 순 | D3: 고객명 | E3: Total | F3: AB | G3: CD | I3: 전체수주가 | J3: 2024년 수주가 | K3: 2025년 수주가 | L3: 수주율 | M3: 제작사원가 | N3: 매출손익 | O3: 손익율 | P3: 비고
B4: 생산 | C4: 1 | D4: =지아이씨!D4 -> 지아이씨 | E4: =지아이씨!O26 -> 1137263287 | F4: =지아이씨!P26 -> 1137263287 | G4: =지아이씨!Q26 -> 0 | I4: =지아이씨!R26 -> 975546450 | J4: =지아이씨!S26 -> 624835700 | K4: =지아이씨!T26 -> 350710750 | L4: =I4/E4 -> 0.85780176 | M4: =지아이씨!U26 -> 0
C5: 2 | D5: 다원시스 | E5: =다원시스!O26 -> 286485635 | F5: =다원시스!P26 -> 270843306 | G5: =지아이씨!Q26 -> 0 | I5: =다원시스!R26 -> 270000000 | J5: =다원시스!S26 -> 270000000 | K5: =다원시스!T26 -> 0 | L5: =I5/E5 -> 0.94245563 | M5: =다원시스!U26 -> 0
C6: 3 | D6: 실리콘큐브 | E6: =실리콘큐브!O26 -> 46840000 | F6: =실리콘큐브!P26 -> 46840000 | G6: =실리콘큐브!Q26 -> 0 | I6: =실리콘큐브!R26 -> 46840000 | J6: =실리콘큐브!S26 -> 46840000 | K6: =실리콘큐브!T26 -> 0 | L6: =I6/E6 -> 1 | M6: =실리콘큐브!U26 -> 0
C7: 4 | D7: 티랩 | E7: =티랩!O26 -> 482560000 | F7: =티랩!P26 -> 0 | G7: =티랩!Q26 -> 0 | I7: =티랩!R26 -> 0 | J7: =티랩!S26 -> 0 | K7: =티랩!T26 -> 0 | L7: =I7/E7 -> 0 | M7: =티랩!U26 -> 0
C8: 5
C9: 6
D17: 소계 | E17: =SUM(E4:E9) -> 1953148922 | F17: =SUM(F4:F9) -> 1454946593 | G17: =SUM(G4:G9) -> 0 | I17: =SUM(I4:I9) -> 1292386450 | J17: =SUM(J4:J9) -> 941675700 | K17: =SUM(K4:K8) -> 350710750 | L17: =I17/E17 -> 0.66169376 | M17: =SUM(M4:M9) -> 0 | N17: =SUM(N4:N9) -> 0 | O17: =N17/I17 -> 0

Sheet 지아이씨
B3: 순 | C3: 국가 | D3: 고객 | E3: 견적번호 | F3: RFQ no. | G3: 견적일 | H3: 유효일 | I3: Item | J3: 구분 | K3: 구분 | L3: 수량 | M3: 가능등급 | N3: 견적금액(외화) | O3: 견적금액(KRW) | P3: AB 등급 | Q3: CD등급 | R3: 수주금액 (전체) | S3: 수주금액 (2024년) | T3: 수주금액 (2025년) | U3: 업체가 | V3: 비고
B4: 1 | C4: 한국 | D4: 지아이씨 | E4: CSP24-0409-1 | G4: 240409 | H4: 240930 | J4: PAB, EID PSR, ETND, EDD 생산 | K4: PAB, EID, PSR, ETND, EDD생산 | M4: A | O4: 423083700 | P4: =O4 -> 423083700 | R4: =P4 -> 423083700 | S4: =R4 -> 423083700
B5: 2 | C5: 한국 | D5: 지아이씨 | E5: CSP24-0409-2 | G5: 240409 | H5: 240412 | K5: Board수리 | M5: A | O5: 3942000 | P5: =O5 -> 3942000 | R5: =P5 -> 3942000 | S5: =R5 -> 3942000
B6: 3 | C6: 한국 | D6: 지아이씨 | E6: CSP24-0524-1 | G6: 240524 | H6: 250227 | J6: MOP, MSR, CTM생산 | K6: MOP, MSR, CTM생산 | M6: A | O6: 350710750 | P6: =O6 -> 350710750 | R6: =P6 -> 350710750 | T6: =R6 -> 350710750
B7: 4 | C7: 한국 | D7: 지아이씨 | E7: CSP24-0524-2 | G7: 240524 | H7: 240726 | K7: PSR-Hub외 9종생산 | M7: A | O7: 197810000 | P7: =O7 -> 197810000 | R7: =P7 -> 197810000 | S7: =R7 -> 197810000
B8: 5 | C8: 한국 | D8: 지아이씨 | G8: 240801 | K8: PCB boards 생산 | M8: A | O8: 161716837 | P8: =O8 -> 161716837
C26: Sub-Amount | N26: =SUM(N4:N25) -> 0 | O26: =SUM(O4:O25) -> 1137263287 | P26: =SUM(P4:P25) -> 1137263287 | R26: =SUM(R4:R25) -> 975546450 | S26: =SUM(S4:S25) -> 624835700 | T26: =SUM(T4:T25) -> 350710750 | U26: =SUM(U4:U25) -> 0

Sheet 다원시스
B3: 순 | C3: 국가 | D3: 고객 | E3: 견적번호 | F3: RFQ no. | G3: 견적일 | H3: 유효일 | I3: Item | J3: 구분 | K3: 구분 | L3: 수량 | M3: 가능등급 | N3: 견적금액(외화) | O3: 견적금액(KRW) | P3: AB 등급 | Q3: CD등급 | R3: 수주금액 (전체) | S3: 수주금액 (2024년) | T3: 수주금액 (2025년) | U3: 업체가 | V3: 비고
B4: 1 | C4: 한국 | D4: 다원시스 | E4: 2024050901 | G4: 240509 | H4: 240524 | J4: 7호선3차분 TCMS 개조 | M4: A | O4: 270843306 | P4: =O4 -> 270843306 | R4: 270000000 | S4: =R4 -> 270000000
B5: 2 | C5: 한국 | D5: 다원시스 | E5: 202406241 | G5: 240627 | H5: 240712 | J5: 4호선방송편집기 | M5: B | O5: 15642329
C26: Sub-Amount | N26: =SUM(N4:N25) -> 0 | O26: =SUM(O4:O25) -> 286485635 | P26: =SUM(P4:P25) -> 270843306 | R26: =SUM(R4:R25) -> 270000000 | S26: =SUM(S4:S25) -> 270000000 | T26: =SUM(T4:T25) -> 0 | U26: =SUM(U4:U25) -> 0

Sheet 실리콘큐브
B3: 순 | C3: 국가 | D3: 고객 | E3: 견적번호 | F3: RFQ no. | G3: 견적일 | H3: 유효일 | I3: Item | J3: 구분 | K3: 구분 | L3: 수량 | M3: 가능등급 | N3: 견적금액(외화) | O3: 견적금액(KRW) | P3: AB 등급 | Q3: CD등급 | R3: 수주금액 (전체) | S3: 수주금액 (2024년) | T3: 수주금액 (2025년) | U3: 업체가 | V3: 비고
B4: 1 | C4: 한국 | D4: 실리콘큐브 | E4: 뉴펄스진행 | J4: MSR/PSR/MOP/CTM 수리 | K4: MSR/PSR/MOP/CTM 수리 | M4: A | O4: 46840000 | P4: =O4 -> 46840000 | R4: =P4 -> 46840000 | S4: =R4 -> 46840000
C26: Sub-Amount | N26: =SUM(N4:N25) -> 0 | O26: =SUM(O4:O25) -> 46840000 | P26: =SUM(P4:P25) -> 46840000 | R26: =SUM(R4:R25) -> 46840000 | S26: =SUM(S4:S25) -> 46840000 | T26: =SUM(T4:T25) -> 0 | U26: =SUM(U4:U25) -> 0

Sheet 티랩
B3: 순 | C3: 국가 | D3: 고객 | E3: 견적번호 | F3: RFQ no. | G3: 견적일 | H3: 유효일 | I3: Item | J3: 구분 | K3: 구분 | L3: 수량 | M3: 가능등급 | N3: 견적금액(외화) | O3: 견적금액(KRW) | P3: AB 등급 | Q3: CD등급 | R3: 수주금액 (전체) | S3: 수주금액 (2024년) | T3: 수주금액 (2025년) | U3: 업체가 | V3: 비고
B4: 1 | C4: 한국 | D4: 티랩 | E4: 202407031 | G4: 240703 | H4: 240718 | J4: MSR/PSR/MOP/CTM 수리 | K4: MSR/PSR/MOP/CTM 수리 | M4: C | O4: 482560000 | Q4: =O4 -> 482560000 | S4: =R4 -> 0
C26: Sub-Amount | N26: =SUM(N4:N25) -> 0 | O26: =SUM(O4:O25) -> 482560000 | P26: =SUM(P4:P25) -> 0 | R26: =SUM(R4:R25) -> 0 | S26: =SUM(S4:S25) -> 0 | T26: =SUM(T4:T25) -> 0 | U26: =SUM(U4:U25) -> 0

Sheet 수주2

Sheet Sheet1

Sheet Sheet2
