Workbook

Sheet 실적추이
B1: 년도별 매출
B2: 2024년 | C2: =Total!J20/100000000 -> 12.794469 | D2: 억원
B3: 2025년 | C3: =Total!K20/100000000 -> 6.7942255 | D3: 억원
B4: 2026년 | D4: 억원
B5: 2027년 | D5: 억원
B6: 2028년 | D6: 억원
B8: 2024 year
A9: 50% 매출익 | B9: 매출손익 | C9: =C2*0.5 -> 6.3972343 | D9: 억원
B11: 지출
B12: 강남권 | C12: 0.9 | D12: 억원
B13: 장덕수 | C13: 0.9 | D13: 억원
B14: 김용종 | C14: 0.9 | D14: 억원
B15: 최수연 | C15: 0.65 | D15: 억원
B16: 김대양 | C16: 0.553 | D16: 억원
B17: 급여합계 | C17: =SUM(C12:C16) -> 3.903 | D17: 억원
B18: 경비관련 | C18: 1 | D18: 억원
B19: 지출합계 | C19: =SUM(C17:C18) -> 4.903 | D19: 억원
B21: 예상손익 | C21: =C9-C19 -> 1.4942343 | D21: 억원
F22: 2024년 진행방향
B23: 2025 year | F23: 1. TMS 및 PA/PIS의 기본모델을 개발/제작한다.
A24: 50% 매출익 | B24: 매출손익 | C24: =C3*0.5 -> 3.3971127 | D24: 억원 | F24: 1). 홍콩의 제품을 기본모델로 하여 시제품을 만든다.
F25: 2. 기존고객관리를 철저히한다.
B26: 지출 | F26: 1). 지아이씨 수주를 최대로 해야 함.
B27: 강남권 | C27: 0.9 | D27: 억원 | F27: 2). 다원시스 수주가 원활히 이루어지도록 해야 함.
B28: 장덕수 | C28: 0.9 | D28: 억원 | F28: 3). 실리콘큐브와 티램의 수주가 되도록 영업활동을 해야 함.
B29: 김용종 | C29: 0.9 | D29: 억원 | F29: 5. 국내외 업체의 수주처를 발굴한다.
B30: 이동진 | C30: 0.663 | D30: 억원 | F30: 1). 교통공사 수주 목표로 한다.
B31: 최수연 | C31: 0.65 | D31: 억원 | F31: 2). 김포골드라인 수주목표로 한다.
B32: 김대양 | C32: 0.553 | D32: 억원
B33: 급여합계 | C33: =SUM(C27:C32) -> 4.566 | D33: 억원
B34: 경비관련 | C34: 1 | D34: 억원
B35: 지출합계 | C35: =SUM(C33:C34) -> 5.566 | D35: 억원
B37: 예상손익 | C37: =C24-C35 -> -2.1688873 | D37: 억원

Sheet Total
E2: 견적가 | I2: 수주가
B3: 구분 | C3: 순 | D3: 고객명 | E3: Total | F3: AB | G3: CD | I3: 전체수주가 | J3: 2024년 수주가 | K3: 2025년 수주가 | L3: 수주율 | M3: 제작사원가 | N3: 매출손익 | O3: 손익율 | P3: 비고
B4: 생산 | C4: 1 | D4: ='1.지아이씨'!D4 -> 지아이씨 | E4: ='1.지아이씨'!M26 -> 1488279419 | F4: ='1.지아이씨'!N26 -> 1488279419 | G4: ='1.지아이씨'!O26 -> 0 | I4: ='1.지아이씨'!P26 -> 1488279419 | J4: ='1.지아이씨'!Q26 -> 1095856869 | K4: ='1.지아이씨'!R26 -> 392422550 | L4: =I4/E4 -> 1 | M4: ='1.지아이씨'!S26 -> 0
C5: 2 | D5: 김포골드라인 | E5: ='2.김포골드라인'!L23 -> 957811200 | F5: ='2.김포골드라인'!M23 -> 957811200
C6: 3 | D6: 교통공사 | E6: ='3.교통공사'!L23 -> 209604910 | F6: ='3.교통공사'!M23 -> 207254910 | I6: ='3.교통공사'!O23 -> 2350000 | J6: ='3.교통공사'!P23 -> 2350000 | K6: ='3.교통공사'!Q23 -> 0
C7: 4 | D7: 실리콘큐브 | E7: ='4.실리콘큐브'!N26 -> 46840000 | F7: ='4.실리콘큐브'!O26 -> 46840000 | I7: ='4.실리콘큐브'!Q26 -> 46840000 | J7: ='4.실리콘큐브'!R26 -> 46840000
C8: 5 | D8: 무한테크 | E8: ='5.무한테크 (우진산전)'!M3 -> 20350000 | F8: ='5.무한테크 (우진산전)'!N25 -> 0 | G8: =I8 -> 11400000 | I8: ='5.무한테크 (우진산전)'!P25 -> 11400000 | J8: ='5.무한테크 (우진산전)'!Q25 -> 11400000 | K8: ='5.무한테크 (우진산전)'!R25 -> 0 | L8: =I8/E8 -> 0.56019656
C9: 6 | D9: 다원시스 | E9: ='6.다원시스'!L26 -> 862178562 | F9: ='6.다원시스'!M26 -> 862178562 | G9: ='1.지아이씨'!O26 -> 0 | I9: ='6.다원시스'!O26 -> 410000000 | J9: ='6.다원시스'!P26 -> 123000000 | K9: ='6.다원시스'!Q26 -> 287000000 | L9: =I9/E9 -> 0.47553954 | M9: ='6.다원시스'!R26 -> 0
C10: 7 | D10: 티랩 | E10: ='7.티랩'!L25 -> 0 | F10: ='7.티랩'!M25 -> 0 | G10: ='7.티랩'!N25 -> 0 | I10: ='7.티랩'!O25 -> 0 | J10: ='7.티랩'!P25 -> 0 | K10: ='7.티랩'!Q25 -> 0 | L10: =I10/E10 -> #DIV/0! | M10: ='7.티랩'!R25 -> 0
C11: 8 | D11: 마루소프트 | E11: ='8.마루소프트'!L25 -> 20350000 | F11: ='8.마루소프트'!M25 -> 20350000
C12: 9 | D12: 신진금고 | E12: ='9_신진금고'!L25 -> 169299200 | F12: ='9_신진금고'!M25 -> 169299200
D20: 소계 | E20: =SUM(E4:E12) -> 3774713291 | F20: =SUM(F4:F12) -> 3752013291 | G20: =SUM(G4:G12) -> 11400000 | I20: =SUM(I4:I12) -> 1958869419 | J20: =SUM(J4:J12) -> 1279446869 | K20: =SUM(K4:K11) -> 679422550 | L20: =I20/E20 -> 0.51894522 | M20: =SUM(M4:M12) -> 0 | N20: =SUM(N4:N12) -> 0 | O20: =N20/I20 -> 0

Sheet 1.지아이씨
B3: 순 | C3: 국가 | D3: 고객 | E3: 견적번호 | F3: RFQ no. | G3: 견적일 | H3: 유효일 | I3: Item | J3: 구분 | K3: 수량 | L3: 견적금액(외화) | M3: 견적금액(KRW) | N3: AB 등급 | O3: CD등급 | P3: 수주금액 (전체) | Q3: 수주금액 (2024년) | R3: 수주금액 (2025년) | S3: 원가 | T3: 비고
B4: 1 | C4: 한국 | D4: 지아이씨 | E4: CSP24-0409-1 | G4: 240409 | H4: 240930 | J4: PAB, EID, PSR, ETND, EDD생산 | M4: 423083700 | N4: =M4 -> 423083700 | P4: =N4 -> 423083700 | Q4: =P4 -> 423083700
B5: 2 | C5: 한국 | D5: 지아이씨 | E5: CSP24-0409-2 | G5: 240409 | H5: 240412 | J5: Board수리 | M5: 3942000 | N5: =M5 -> 3942000 | P5: =N5 -> 3942000 | Q5: =P5 -> 3942000
B6: 3 | C6: 한국 | D6: 지아이씨 | E6: CSP24-0524-1 | G6: 240524 | H6: 250227 | J6: MOP, MSR, CTM생산 | M6: 350710750 | N6: =M6 -> 350710750 | P6: =N6 -> 350710750 | R6: =P6 -> 350710750
B7: 4 | C7: 한국 | D7: 지아이씨 | E7: CSP24-0524-2 | G7: 240524 | H7: 240726 | J7: PSR-Hub외 9종생산 | M7: 197810000 | N7: =M7 -> 197810000 | P7: =N7 -> 197810000 | Q7: =P7 -> 197810000
B8: 5 | C8: 한국 | D8: 지아이씨 | E8: CSP24-0913-1 | G8: 240913 | H8: 250131 | J8: MSR NVR외 11종 | M8: 351015169 | N8: =M8 -> 351015169 | P8: =N8 -> 351015169 | Q8: =P8 -> 351015169
B9: 6 | C9: 한국 | D9: 지아이씨 | E9: CSP24-0923-1 | G9: 240923 | H9: 241231 | I9: 1 | J9: MSR PWR BOARD. FOR MSR. | K9: 10 | M9: =291760*K9 -> 2917600 | N9: =M9 -> 2917600 | P9: =N9 -> 2917600 | Q9: =P9 -> 2917600
H10: 241231 | I10: 2 | J10: LCD CONTROL BOARD. FOR MOP. | K10: 10 | M10: =818880*K10 -> 8188800 | N10: =M10 -> 8188800 | P10: =N10 -> 8188800 | Q10: =P10 -> 8188800
H11: 241231 | I11: 3 | J11: MAIN CONTROL BOARD. FOR MOP. | K11: 20 | M11: =938410*K11 -> 18768200 | N11: =M11 -> 18768200 | P11: =N11 -> 18768200 | Q11: =P11 -> 18768200
H12: 241231 | I12: 4 | J12: POWER BOARD. FOR MOP. | K12: 10 | M12: =187450*K12 -> 1874500 | N12: =M12 -> 1874500 | P12: =N12 -> 1874500 | Q12: =P12 -> 1874500
H13: 241231 | I13: 5 | J13: POWER BOARD. FOR CTM. | K13: 10 | M13: =224480*K13 -> 2244800 | N13: =M13 -> 2244800 | P13: =N13 -> 2244800 | Q13: =P13 -> 2244800
H14: 241231 | I14: 6 | J14: MSR HUB BOARD. FOR MSR. | K14: 10 | M14: =936830*K14 -> 9368300 | N14: =M14 -> 9368300 | P14: =N14 -> 9368300 | Q14: =P14 -> 9368300
H15: 241231 | I15: 7 | J15: MSR MTX BOARD. FOR MSR. | K15: 10 | M15: =1035220*K15 -> 10352200 | N15: =M15 -> 10352200 | P15: =N15 -> 10352200 | Q15: =P15 -> 10352200
H16: 250430 | I16: 8 | J16: MSR NVR BOARD. FOR MSR. | K16: 10 | M16: =3233680*K16 -> 32336800 | N16: =M16 -> 32336800 | P16: =N16 -> 32336800 | R16: =P16 -> 32336800
H17: 241231 | I17: 9 | J17: MSR TCIU BOARD. FOR MSR. | K17: 10 | M17: =2058600*K17 -> 20586000 | N17: =M17 -> 20586000 | P17: =N17 -> 20586000 | Q17: =P17 -> 20586000
H18: 250430 | I18: 10 | J18: PSR HUB BOARD FOR PSR. | K18: 10 | M18: =937500*K18 -> 9375000 | N18: =M18 -> 9375000 | P18: =N18 -> 9375000 | R18: =P18 -> 9375000
H19: 241231 | I19: 11 | J19: CONTROL BOARD. FOR CTM. | K19: 20 | M19: =2285280*K19 -> 45705600 | N19: =M19 -> 45705600 | P19: =N19 -> 45705600 | Q19: =P19 -> 45705600
C26: Sub-Amount | L26: =SUM(L4:L25) -> 0 | M26: =SUM(M4:M25) -> 1488279419 | N26: =SUM(N4:N25) -> 1488279419 | P26: =SUM(P4:P25) -> 1488279419 | Q26: =SUM(Q4:Q25) -> 1095856869 | R26: =SUM(R4:R25) -> 392422550 | S26: =SUM(S4:S25) -> 0

Sheet 2.김포골드라인
B3: 순 | C3: 국가 | D3: 고객 | E3: 견적번호 | F3: RFQ no. | G3: 견적일 | H3: 유효일 | I3: Item | J3: 수량 | K3: 견적금액(외화) | L3: 견적금액(KRW) | M3: AB 등급 | N3: CD등급 | O3: 수주금액 (전체) | P3: 수주금액 (2024년) | Q3: 수주금액 (2025년) | R3: 원가 | S3: 비고
B4: 1 | C4: 한국 | D4: 김포골드라인 | E4: 202410041 | G4: 241004 | H4: 241019 | I4: 김포골드라인 10량분 | L4: 957811200 | M4: =L4 -> 957811200
C23: Sub-Amount | L23: =SUM(L4:L22) -> 957811200 | M23: =SUM(M4:M22) -> 957811200 | O23: =SUM(O4:O22) -> 0 | P23: =SUM(P4:P22) -> 0 | Q23: =SUM(Q4:Q22) -> 0 | R23: =SUM(R4:R22) -> 0

Sheet 3.교통공사
B3: 순 | C3: 국가 | D3: 고객 | E3: 견적번호 | F3: RFQ no. | G3: 견적일 | H3: 유효일 | I3: Item | J3: 수량 | K3: 견적금액(외화) | L3: 견적금액(KRW) | M3: AB 등급 | N3: CD등급 | O3: 수주금액 (전체) | P3: 수주금액 (2024년) | Q3: 수주금액 (2025년) | R3: 원가 | S3: 비고
B4: 1 | C4: 한국 | D4: 교통공사 | E4: 202408114 | G4: 240509 | H4: 240524 | I4: 7호선3차분 CSC교체품 | L4: 207254910 | M4: =L4 -> 207254910
B5: 2 | C5: 한국 | D5: 교통공사 | E5: 202410291 | G5: 241029 | H5: 241115 | I5: 7호선3차분CSC수리비 | L5: 2350000 | O5: =L5 -> 2350000 | P5: =O5 -> 2350000 | S5: Total 반영 전
C23: Sub-Amount | K23: =SUM(K4:K22) -> 0 | L23: =SUM(L4:L22) -> 209604910 | M23: =SUM(M4:M22) -> 207254910 | O23: =SUM(O4:O22) -> 2350000 | P23: =SUM(P4:P22) -> 2350000 | Q23: =SUM(Q4:Q22) -> 0 | R23: =SUM(R4:R22) -> 0

Sheet 4.실리콘큐브
B3: 순 | C3: 국가 | D3: 고객 | E3: 견적번호 | F3: RFQ no. | G3: 견적일 | H3: 유효일 | I3: Item | J3: 구분 | K3: 구분 | L3: 수량 | M3: 견적금액(외화) | N3: 견적금액(KRW) | O3: AB 등급 | P3: CD등급 | Q3: 수주금액 (전체) | R3: 수주금액 (2024년) | S3: 수주금액 (2025년) | T3: 원가 | U3: 비고
B4: 1 | C4: 한국 | D4: 실리콘큐브 | E4: 뉴펄스진행 | I4: 홍콩수리품 | J4: MSR/PSR/MOP/CTM 수리 | K4: MSR/PSR/MOP/CTM 수리 | N4: 46840000 | O4: =N4 -> 46840000 | Q4: =O4 -> 46840000 | R4: =Q4 -> 46840000 | U4: Total 반영 전
C26: Sub-Amount | M26: =SUM(M4:M25) -> 0 | N26: =SUM(N4:N25) -> 46840000 | O26: =SUM(O4:O25) -> 46840000 | Q26: =SUM(Q4:Q25) -> 46840000 | R26: =SUM(R4:R25) -> 46840000 | S26: =SUM(S4:S25) -> 0 | T26: =SUM(T4:T25) -> 0

Sheet 5.무한테크 (우진산전)
B2: 순 | C2: 국가 | D2: 고객 | E2: 견적번호 | F2: RFQ no. | G2: 견적일 | H2: 유효일 | I2: Item | J2: 구분 | K2: 수량 | L2: 견적금액(외화) | M2: 견적금액(KRW) | N2: AB 등급 | O2: CD등급 | P2: 수주금액 (전체) | Q2: 수주금액 (2024년) | R2: 수주금액 (2025년) | S2: 원가 | T2: 비고
B3: 1 | C3: 한국 | D3: 무한테크 | E3: 202409271 | G3: 240927 | H3: 241013 | I3: 인도네시아 MTX/MRX | K3: 10 | M3: 20350000 | O3: =M3 -> 20350000 | P3: 11400000 | Q3: 11400000
C25: Sub-Amount | L25: =SUM(L3:L24) -> 0 | M25: =SUM(M3:M24) -> 20350000 | N25: =SUM(N3:N24) -> 0 | O25: =SUM(O3:O24) -> 20350000 | P25: =SUM(P3:P24) -> 11400000 | Q25: =SUM(Q3:Q24) -> 11400000 | R25: =SUM(R3:R24) -> 0 | S25: =SUM(S3:S24) -> 0

Sheet 6.다원시스
B3: 순 | C3: 국가 | D3: 고객 | E3: 견적번호 | F3: RFQ no. | G3: 견적일 | H3: 유효일 | I3: Item | J3: 수량 | K3: 견적금액(외화) | L3: 견적금액(KRW) | M3: AB 등급 | N3: CD등급 | O3: 수주금액 (전체) | P3: 수주금액 (2024년) | Q3: 수주금액 (2025년) | R3: 원가 | S3: 비고
B4: 1 | C4: 한국 | D4: 다원시스 | E4: DWE-2024-JUN-11-001 | G4: 240611 | H4: 250331 | I4: 서울7호선 3차분 TCMS 개조 | L4: 270843306 | M4: =L4 -> 270843306 | O4: 270000000 | P4: 81000000 | Q4: =O4-P4 -> 189000000 | S4: 선급금
B5: 2 | C5: 한국 | D5: 다원시스 | E5: DWE-2024-AUG-29-001 | G5: 240829 | H5: 250630 | I5: 4호선 방송편집기 소프트웨어개발 | L5: 156423296 | M5: =L5 -> 156423296 | O5: 140000000 | P5: 42000000 | Q5: =O5-P5 -> 98000000 | S5: 선급금
B6: 3 | C6: 한국 | D6: 다원시스 | G6: 240812 | H6: 240827 | I6: 7호선3차분TCMS개조관련외주용역 | L6: 349398820 | M6: =L6 -> 349398820
B7: 4 | C7: 한국 | D7: 다원시스 | G7: 240812 | H7: 240827 | I7: 고장분석기기고정용RACK시험기 | L7: 85513140 | M7: =L7 -> 85513140
C26: Sub-Amount | K26: =SUM(K4:K25) -> 0 | L26: =SUM(L4:L25) -> 862178562 | M26: =SUM(M4:M25) -> 862178562 | O26: =SUM(O4:O25) -> 410000000 | P26: =SUM(P4:P25) -> 123000000 | Q26: =SUM(Q4:Q25) -> 287000000 | R26: =SUM(R4:R25) -> 0

Sheet 7.티랩
B2: 순 | C2: 국가 | D2: 고객 | E2: 견적번호 | F2: RFQ no. | G2: 견적일 | H2: 유효일 | I2: Item | J2: 수량 | K2: 견적금액(외화) | L2: 견적금액(KRW) | M2: AB 등급 | N2: CD등급 | O2: 수주금액 (전체) | P2: 수주금액 (2024년) | Q2: 수주금액 (2025년) | R2: 원가 | S2: 비고
C25: Sub-Amount | K25: =SUM(K3:K24) -> 0 | L25: =SUM(L3:L24) -> 0 | M25: =SUM(M3:M24) -> 0 | N25: =SUM(N3:N24) -> 0 | O25: =SUM(O3:O24) -> 0 | P25: =SUM(P3:P24) -> 0 | Q25: =SUM(Q3:Q24) -> 0 | R25: =SUM(R3:R24) -> 0

Sheet 8.마루소프트
B2: 순 | C2: 국가 | D2: 고객 | E2: 견적번호 | F2: RFQ no. | G2: 견적일 | H2: 유효일 | I2: Item | J2: 수량 | K2: 견적금액(외화) | L2: 견적금액(KRW) | M2: AB 등급 | N2: CD등급 | O2: 수주금액 (전체) | P2: 수주금액 (2024년) | Q2: 수주금액 (2025년) | R2: 원가 | S2: 비고
B3: 1 | C3: 한국 | D3: 마루소프트 | E3: 202409061 | G3: 240906 | H3: 240921 | I3: 인도네시아LRT_CTM_견적_240906 | L3: 20350000 | M3: =L3 -> 20350000
C25: Sub-Amount | K25: =SUM(K3:K24) -> 0 | L25: =SUM(L3:L24) -> 20350000 | M25: =SUM(M3:M24) -> 20350000 | N25: =SUM(N3:N24) -> 0 | O25: =SUM(O3:O24) -> 0 | P25: =SUM(P3:P24) -> 0 | Q25: =SUM(Q3:Q24) -> 0 | R25: =SUM(R3:R24) -> 0

Sheet 9_신진금고
B2: 순 | C2: 국가 | D2: 고객 | E2: 견적번호 | F2: RFQ no. | G2: 견적일 | H2: 유효일 | I2: Item | J2: 수량 | K2: 견적금액(외화) | L2: 견적금액(KRW) | M2: AB 등급 | N2: CD등급 | O2: 수주금액 (전체) | P2: 수주금액 (2024년) | Q2: 수주금액 (2025년) | R2: 원가 | S2: 비고
B3: 1 | C3: 한국 | D3: 신진금고 | E3: 2024110701 | G3: 241107 | H3: 241122 | I3: 티렉디바이스(신진금고)_LCDDISPLAY | L3: 169299200 | M3: =L3 -> 169299200
C25: Sub-Amount | K25: =SUM(K3:K24) -> 0 | L25: =SUM(L3:L24) -> 169299200 | M25: =SUM(M3:M24) -> 169299200 | N25: =SUM(N3:N24) -> 0 | O25: =SUM(O3:O24) -> 0 | P25: =SUM(P3:P24) -> 0 | Q25: =SUM(Q3:Q24) -> 0 | R25: =SUM(R3:R24) -> 0
