Workbook

Sheet Total
E2: 견적가 | H2: 수주가
B3: 순 | C3: 고객명 | E3: 전체 | F3: AB등급 | G3: CD등급 | H3: 전체 | I3: 2026년 | J3: 2027년 이월 | K3: 수주율(%) | L3: 제조원가 | M3: 손익(%) | N3: 비고
B4: 1 | C4: 지아이씨 | E4: =SUM(F4:G4) -> 885791700 | F4: ='1.지아이씨'!S34 -> 619175700 | G4: ='1.지아이씨'!T34 -> 266616000 | H4: ='1.지아이씨'!O34 -> 0 | I4: ='1.지아이씨'!P34 -> 0 | J4: ='1.지아이씨'!Q34 -> 0 | K4: =H4/E4 -> 0
B5: 2 | C5: 현대로템 | E5: =SUM(F5:G5) -> 2111793700 | F5: ='2.현대로템'!S34 -> 294790700 | G5: ='2.현대로템'!T34 -> 1817003000 | H5: ='2.현대로템'!O34 -> 294790700 | I5: ='2.현대로템'!P34 -> 294790700 | J5: ='2.현대로템'!Q34 -> 0 | K5: =H5/E5 -> 0.13959257 | N5: 2025년 수주 이월 1건 (\ 294,790,700)
B6: 3 | C6: HST (튀르키예) | E6: =SUM(F6:G6) -> 0 | F6: ='3.HST_Turkey'!S34 -> 0 | G6: ='3.HST_Turkey'!T34 -> 0 | H6: ='3.HST_Turkey'!O34 -> 0 | I6: ='3.HST_Turkey'!P34 -> 0 | J6: ='3.HST_Turkey'!Q34 -> 0 | K6: =H6/E6 -> #DIV/0!
B7: 4 | C7: 인터모빌리티 | E7: =SUM(F7:G7) -> 18312700 | F7: ='4.인터모빌리티'!S34 -> 18312700 | G7: ='4.인터모빌리티'!T34 -> 0 | H7: ='4.인터모빌리티'!O34 -> 18312700 | I7: ='4.인터모빌리티'!P34 -> 18312700 | J7: ='4.인터모빌리티'!Q34 -> 0 | K7: =H7/E7 -> 1 | N7: 2025년 수주 이월 1건 (\ 18,312,700)
B8: 5 | C8: GMTECH | E8: =SUM(F8:G8) -> 24632800 | F8: ='5.GMTECH'!S34 -> 24632800 | G8: ='5.GMTECH'!T34 -> 0 | H8: ='5.GMTECH'!O34 -> 24632800 | I8: ='5.GMTECH'!P34 -> 24632800 | J8: ='5.GMTECH'!Q34 -> 0 | K8: =H8/E8 -> 1 | N8: 2025년 수주 이월 1건 (\ 24,632,800)
B9: 6 | C9: 다원시스 | E9: =SUM(F9:G9) -> 56000000 | F9: ='6.다원시스'!S34 -> 56000000 | G9: ='6.다원시스'!T34 -> 0 | H9: ='6.다원시스'!O34 -> 56000000 | I9: ='6.다원시스'!P34 -> 56000000 | J9: ='6.다원시스'!Q34 -> 0 | K9: =H9/E9 -> 1 | N9: 2024년 수주 이월 1건 (\ 56,000,000)
B10: 7 | C10: 서울교통공사 | E10: =SUM(F10:G10) -> 72080000 | F10: ='7.서울교통공사'!S34 -> 0 | G10: ='7.서울교통공사'!T34 -> 72080000 | H10: ='7.서울교통공사'!O34 -> 0 | I10: ='7.서울교통공사'!P34 -> 0 | J10: ='7.서울교통공사'!Q34 -> 0 | K10: =H10/E10 -> 0
B11: 8-1 | C11: 기타 | D11: 김포골드라인SRS | E11: =SUM(F11:G11) -> 0 | F11: =SUMIF('8.기타'!$C$4:$C$33, Total!D11, '8.기타'!$S$4:$S$33) -> 0 | G11: =SUMIF('8.기타'!$C$4:$C$33, Total!D11, '8.기타'!$T$4:$T$33) -> 0 | H11: =SUMIF('8.기타'!$C$4:$C$33, Total!D11, '8.기타'!$O$4:$O$33) -> 0 | I11: =SUMIF('8.기타'!$C$4:$C$33, Total!D11, '8.기타'!$P$4:$P$33) -> 0 | J11: =SUMIF('8.기타'!$C$4:$C$33, Total!D11, '8.기타'!$Q$4:$Q$33) -> 0 | K11: =H11/E11 -> #DIV/0!
B12: 8-2 | D12: 고구려엔지니어링 | E12: =SUM(F12:G12) -> 0 | F12: =SUMIF('8.기타'!$C$4:$C$33, Total!D12, '8.기타'!$S$4:$S$33) -> 0 | G12: =SUMIF('8.기타'!$C$4:$C$33, Total!D12, '8.기타'!$T$4:$T$33) -> 0 | H12: =SUMIF('8.기타'!$C$4:$C$33, Total!D12, '8.기타'!$O$4:$O$33) -> 0 | I12: =SUMIF('8.기타'!$C$4:$C$33, Total!D12, '8.기타'!$P$4:$P$33) -> 0 | J12: =SUMIF('8.기타'!$C$4:$C$33, Total!D12, '8.기타'!$Q$4:$Q$33) -> 0 | K12: =H12/E12 -> #DIV/0!
B13: 8-3 | D13: 실리콘큐브 | E13: =SUM(F13:G13) -> 0 | F13: =SUMIF('8.기타'!$C$4:$C$33, Total!D13, '8.기타'!$S$4:$S$33) -> 0 | G13: =SUMIF('8.기타'!$C$4:$C$33, Total!D13, '8.기타'!$T$4:$T$33) -> 0 | H13: =SUMIF('8.기타'!$C$4:$C$33, Total!D13, '8.기타'!$O$4:$O$33) -> 0 | I13: =SUMIF('8.기타'!$C$4:$C$33, Total!D13, '8.기타'!$P$4:$P$33) -> 0 | J13: =SUMIF('8.기타'!$C$4:$C$33, Total!D13, '8.기타'!$Q$4:$Q$33) -> 0 | K13: =H13/E13 -> #DIV/0!
B14: 8-4 | D14: 무한테크 | E14: =SUM(F14:G14) -> 0 | F14: =SUMIF('8.기타'!$C$4:$C$33, Total!D14, '8.기타'!$S$4:$S$33) -> 0 | G14: =SUMIF('8.기타'!$C$4:$C$33, Total!D14, '8.기타'!$T$4:$T$33) -> 0 | H14: =SUMIF('8.기타'!$C$4:$C$33, Total!D14, '8.기타'!$O$4:$O$33) -> 0 | I14: =SUMIF('8.기타'!$C$4:$C$33, Total!D14, '8.기타'!$P$4:$P$33) -> 0 | J14: =SUMIF('8.기타'!$C$4:$C$33, Total!D14, '8.기타'!$Q$4:$Q$33) -> 0 | K14: =H14/E14 -> #DIV/0!
B15: 8-5 | D15: 티랩 | E15: =SUM(F15:G15) -> 0 | F15: =SUMIF('8.기타'!$C$4:$C$33, Total!D15, '8.기타'!$S$4:$S$33) -> 0 | G15: =SUMIF('8.기타'!$C$4:$C$33, Total!D15, '8.기타'!$T$4:$T$33) -> 0 | H15: =SUMIF('8.기타'!$C$4:$C$33, Total!D15, '8.기타'!$O$4:$O$33) -> 0 | I15: =SUMIF('8.기타'!$C$4:$C$33, Total!D15, '8.기타'!$P$4:$P$33) -> 0 | J15: =SUMIF('8.기타'!$C$4:$C$33, Total!D15, '8.기타'!$Q$4:$Q$33) -> 0 | K15: =H15/E15 -> #DIV/0!
B16: 8-6 | D16: 마루소프트 | E16: =SUM(F16:G16) -> 0 | F16: =SUMIF('8.기타'!$C$4:$C$33, Total!D16, '8.기타'!$S$4:$S$33) -> 0 | G16: =SUMIF('8.기타'!$C$4:$C$33, Total!D16, '8.기타'!$T$4:$T$33) -> 0 | H16: =SUMIF('8.기타'!$C$4:$C$33, Total!D16, '8.기타'!$O$4:$O$33) -> 0 | I16: =SUMIF('8.기타'!$C$4:$C$33, Total!D16, '8.기타'!$P$4:$P$33) -> 0 | J16: =SUMIF('8.기타'!$C$4:$C$33, Total!D16, '8.기타'!$Q$4:$Q$33) -> 0 | K16: =H16/E16 -> #DIV/0!
B17: 8-7 | D17: 신진금고 | E17: =SUM(F17:G17) -> 0 | F17: =SUMIF('8.기타'!$C$4:$C$33, Total!D17, '8.기타'!$S$4:$S$33) -> 0 | G17: =SUMIF('8.기타'!$C$4:$C$33, Total!D17, '8.기타'!$T$4:$T$33) -> 0 | H17: =SUMIF('8.기타'!$C$4:$C$33, Total!D17, '8.기타'!$O$4:$O$33) -> 0 | I17: =SUMIF('8.기타'!$C$4:$C$33, Total!D17, '8.기타'!$P$4:$P$33) -> 0 | J17: =SUMIF('8.기타'!$C$4:$C$33, Total!D17, '8.기타'!$Q$4:$Q$33) -> 0 | K17: =H17/E17 -> #DIV/0!
B18: 8-8 | D18: 위플랫 | E18: =SUM(F18:G18) -> 0 | F18: =SUMIF('8.기타'!$C$4:$C$33, Total!D18, '8.기타'!$S$4:$S$33) -> 0 | G18: =SUMIF('8.기타'!$C$4:$C$33, Total!D18, '8.기타'!$T$4:$T$33) -> 0 | H18: =SUMIF('8.기타'!$C$4:$C$33, Total!D18, '8.기타'!$O$4:$O$33) -> 0 | I18: =SUMIF('8.기타'!$C$4:$C$33, Total!D18, '8.기타'!$P$4:$P$33) -> 0 | J18: =SUMIF('8.기타'!$C$4:$C$33, Total!D18, '8.기타'!$Q$4:$Q$33) -> 0 | K18: =H18/E18 -> #DIV/0!
C20: 합계 | E20: =SUM(F20:G20) -> 3168610900 | F20: =SUM(F4:F19) -> 1012911900 | G20: =SUM(G4:G19) -> 2155699000 | H20: =SUM(H4:H19) -> 393736200 | I20: =SUM(I4:I19) -> 393736200 | J20: =SUM(J4:J19) -> 0 | K20: =H20/E20 -> 0.12426145

Sheet 1.지아이씨
B3: 순 | C3: 고객 | D3: 국가 | E3: 견적번호 | F3: RFQ no. | G3: 견적일 | H3: 유효일 | I3: PO no. | J3: 수주일 | K3: 납기 | L3: Item | M3: 구분 | N3: 수량 | O3: 수주금액 (전체) | P3: 수주금액 (2026년) | Q3: 수주금액 (2027년) | R3: 목표가 | S3: 견적가(AB) | T3: 견적가(CD) | U3: 제조원가 | V3: 손익(%) | W3: 입금 총액 | X3: 비고
B4: 1 | C4: 지아이씨 | D4: 홍콩 | M4: SCL 333량 SALOON CAMERA | R4: 266616000 | T4: 266616000 | X4: 10월 22일, 10월 21일 MTR에 제안서 제출 완료
B5: 2 | C5: 지아이씨 | D5: 홍콩 | M5: TCL DRM 개조 | X5: 10월 22일, GIC에서 10월 13일 MTR에 제안서 제출 완료
B6: 3 | C6: 지아이씨 | D6: 홍콩 | M6: NVR system interface | R6: 619175700 | S6: 619175700 | X6: 12월 9일, 제안서 및 예산을 GIC에 제출하였으며, GIC에서 12월 10일 MTR로 제출하였음
O34: =SUM(O4:O33) -> 0 | P34: =SUM(P4:P33) -> 0 | Q34: =SUM(Q4:Q33) -> 0 | R34: =SUM(R4:R33) -> 885791700 | S34: =SUM(S4:S33) -> 619175700 | T34: =SUM(T4:T33) -> 266616000 | U34: =SUM(U4:U33) -> 0 | V34: =SUM(V4:V33) -> 0 | W34: =SUM(W4:W33) -> 0

Sheet 2.현대로템
B3: 순 | C3: 고객 | D3: 국가 | E3: 견적번호 | F3: RFQ no. | G3: 견적일 | H3: 유효일 | I3: PO no. | J3: 수주일 | K3: 납기 | L3: Item | M3: 구분 | N3: 수량 | O3: 수주금액 (전체) | P3: 수주금액 (2026년) | Q3: 수주금액 (2027년) | R3: 목표가 | S3: 견적가(AB) | T3: 견적가(CD) | U3: 제조원가 | V3: 손익(%) | W3: 입금 총액 | X3: 비고
B4: 1 | C4: 현대로템 | D4: 말레이시아 | E4: 2025041501 | G4: 45762 | H4: =G4+15 -> 45777 | M4: 말레이시아 예비품 | R4: 188500000 | T4: 188500000 | X4: 견적기한 만료 / 재견적 필요
B5: 2 | C5: 현대로템 | D5: 홍콩 | E5: HSJ20250521-02_rev.3 | G5: 45910 | H5: 45930 | M5: 신역사 KTU 추가 방송소프트웨어 업데이트 | O5: 294790700 | P5: 294790700 | R5: 294790700 | S5: 294790700 | W5: 0 | X5: 2025년 수주 이월 / 251231 전자계약 체결(계약일 : PO 발행일 (250930) 소급 적용)
B6: 3 | C6: 현대로템 | D6: 인도네시아 | M6: 자카르타 경전철 방송장치 보드류 예비품 | R6: 97470000 | T6: 97470000 | X6: 견적기한 만료 / 재견적 필요
B7: 4 | C7: 현대로템 | D7: 인도네시아 | M7: 자카르타 경전철 TCMS 신규 개발 | R7: 695290000 | T7: 695290000 | X7: 견적기한 만료 / 재견적 필요
B8: 5 | C8: 현대로템 | D8: 인도네시아 | M8: 자카르타 경전철 CCTV 대체품
B9: 6 | C9: 현대로템 | D9: 인도네시아 | G9: 45944 | M9: 자카르타 경전철 CTM 대체품 | R9: 64440000 | T9: 64440000 | X9: 견적기한 만료 / 재견적 필요
B10: 7 | C10: 현대로템 | D10: 인도네시아 | M10: 자카르타 경전철 얘비품_DRM 등 | R10: 31310000 | T10: 31310000 | X10: 견적기한 만료 / 재견적 필요
B11: 8 | C11: 현대로템 | D11: 튀르키예 | M11: 자카르타 경전철 예비품_MVB Board | R11: 13165000 | T11: 13165000 | X11: 견적기한 만료 / 재견적 필요
B12: 9 | C12: 현대로템 | D12: 튀르키예 | G12: 45944 | M12: 마르마라이 전동차 OPERATION PANEL | R12: 179400000 | T12: 179400000 | X12: 견적기한 만료 / 재견적 필요
B13: 10 | C13: 현대로템 | D13: 대한민국 | M13: 자기부상열차 PAPIS | R13: 547428000 | T13: 547428000 | X13: 시행청 : 인천국제공항공사 / 2026년 예산 반영 예상
B14: 11 | C14: 현대로템 | D14: 튀르키예 | M14: [터키 예니카프 68량]DOOR, MVB CONVERTER | X14: 미래일 및 인터콘과 제작 관련 협의 검토
B15: 12 | C15: 현대로템 | D15: 튀르키예 | M15: [터키 예니카프 68량]CCTV | X15: 미래일 및 인터콘과 제작 관련 협의 검토
B16: 13 | C16: 현대로템 | D16: 튀르키예 | M16: [터키 예니카프 68량]스피커 및 노이즈 센서 | X16: 미래일 및 인터콘과 제작 관련 협의 검토
B17: 14 | C17: 현대로템 | D17: 튀르키예 | M17: [터키 예니카프 68량]방송장치 보드 | X17: 미래일 및 인터콘과 제작 관련 협의 검토
B18: 15 | C18: 현대로템 | D18: 튀르키예 | M18: [터키 예니카프 68량]르키예 이스탄불 예니카프 예비품 | X18: 미래일 및 인터콘과 제작 관련 협의 검토
O34: =SUM(O4:O33) -> 294790700 | P34: =SUM(P4:P33) -> 294790700 | Q34: =SUM(Q4:Q33) -> 0 | R34: =SUM(R4:R33) -> 2111793700 | S34: =SUM(S4:S33) -> 294790700 | T34: =SUM(T4:T33) -> 1817003000 | U34: =SUM(U4:U33) -> 0 | V34: =SUM(V4:V33) -> 0 | W34: =SUM(W4:W33) -> 0

Sheet 3.HST_Turkey
B3: 순 | C3: 고객 | D3: 국가 | E3: 견적번호 | F3: RFQ no. | G3: 견적일 | H3: 유효일 | I3: PO no. | J3: 수주일 | K3: 납기 | L3: Item | M3: 구분 | N3: 수량 | O3: 수주금액 (전체) | P3: 수주금액 (2025년) | Q3: 수주금액 (2026년) | R3: 목표가 | S3: 견적가(AB) | T3: 견적가(CD) | U3: 제조원가 | V3: 손익(%) | W3: 입금 총액 | X3: 비고
B4: 1 | C4: HST | D4: 튀르키예 | M4: Yenikapi istanbul Metro_Power Amp외 2종 | X4: 현대로템 예니카프 품목의 협의에 따라서 방향을 잡을 예정
O34: =SUM(O4:O33) -> 0 | P34: =SUM(P4:P33) -> 0 | Q34: =SUM(Q4:Q33) -> 0 | R34: =SUM(R4:R33) -> 0 | S34: =SUM(S4:S33) -> 0 | T34: =SUM(T4:T33) -> 0 | U34: =SUM(U4:U33) -> 0 | V34: =SUM(V4:V33) -> 0 | W34: =SUM(W4:W33) -> 0

Sheet 4.인터모빌리티
B3: 순 | C3: 고객 | D3: 국가 | E3: 견적번호 | F3: RFQ no. | G3: 견적일 | H3: 유효일 | I3: PO no. | J3: 수주일 | K3: 납기 | L3: Item | M3: 구분 | N3: 수량 | O3: 수주금액 (전체) | P3: 수주금액 (2026년) | Q3: 수주금액 (2027년) | R3: 목표가 | S3: 견적가(AB) | T3: 견적가(CD) | U3: 제조원가 | V3: 손익(%) | W3: 입금 총액 | X3: 비고
B4: 1 | C4: 인터모빌리티 | D4: 한국 | E4: HSJ20250516-01 | G4: 45793 | H4: =G4+15 -> 45808 | J4: 45840 | M4: POSCO TCMS 관련 통신보드 HW 개발 | O4: 18312700 | P4: 18312700 | Q4: =O4-P4 -> 0 | R4: 18312700 | S4: 18312700 | W4: 0 | X4: 2025년 수주 이월 / 250801 선금(30%) 수금 완료
O34: =SUM(O4:O33) -> 18312700 | P34: =SUM(P4:P33) -> 18312700 | Q34: =SUM(Q4:Q33) -> 0 | R34: =SUM(R4:R33) -> 18312700 | S34: =SUM(S4:S33) -> 18312700 | T34: =SUM(T4:T33) -> 0 | U34: =SUM(U4:U33) -> 0 | V34: =SUM(V4:V33) -> 0 | W34: =SUM(W4:W33) -> 0

Sheet 5.GMTECH
B3: 순 | C3: 고객 | D3: 국가 | E3: 견적번호 | F3: RFQ no. | G3: 견적일 | H3: 유효일 | I3: PO no. | J3: 수주일 | K3: 납기 | L3: Item | M3: 구분 | N3: 수량 | O3: 수주금액 (전체) | P3: 수주금액 (2026년) | Q3: 수주금액 (2027년) | R3: 목표가 | S3: 견적가(AB) | T3: 견적가(CD) | U3: 제조원가 | V3: 손익(%) | W3: 입금 총액 | X3: 비고
B4: 1 | C4: GMTECH | D4: 인도네시아 | E4: 20250211-01_rev.4 | G4: 45912 | H4: 45930 | I4: OS02 | J4: 45925 | K4: 46053 | M4: 인도네시아 경전철 차량유지보수 부품 | O4: 24632800 | P4: 24632800 | Q4: =O4-P4 -> 0 | R4: 24632800 | S4: 24632800 | W4: 0 | X4: 2025년 수주 이월
O34: =SUM(O4:O33) -> 24632800 | P34: =SUM(P4:P33) -> 24632800 | Q34: =SUM(Q4:Q33) -> 0 | R34: =SUM(R4:R33) -> 24632800 | S34: =SUM(S4:S33) -> 24632800 | T34: =SUM(T4:T33) -> 0 | U34: =SUM(U4:U33) -> 0 | V34: =SUM(V4:V33) -> 0 | W34: =SUM(W4:W33) -> 0

Sheet 6.다원시스
B3: 순 | C3: 고객 | D3: 국가 | E3: 견적번호 | F3: RFQ no. | G3: 견적일 | H3: 유효일 | I3: PO no. | J3: 수주일 | K3: 납기 | L3: Item | M3: 구분 | N3: 수량 | O3: 수주금액 (전체) | P3: 수주금액 (2026년) | Q3: 수주금액 (2027년) | R3: 목표가 | S3: 견적가(AB) | T3: 견적가(CD) | U3: 제조원가 | V3: 손익(%) | W3: 입금 총액 | X3: 비고
B4: 1 | C4: 다원시스 | D4: 한국 | E4: 202406241 | G4: 45533 | H4: 45838 | I4: DWE-2024-AUG-29-001 | J4: =G4 -> 45533 | K4: =H4 -> 45838 | M4: 4호선 방송편집기 소프트웨어개발 | O4: 56000000 | P4: 56000000 | Q4: =O4-P4 -> 0 | R4: 56000000 | S4: 56000000 | W4: 0 | X4: 2024년 수주 이월
O34: =SUM(O4:O33) -> 56000000 | P34: =SUM(P4:P33) -> 56000000 | Q34: =SUM(Q4:Q33) -> 0 | R34: =SUM(R4:R33) -> 56000000 | S34: =SUM(S4:S33) -> 56000000 | T34: =SUM(T4:T33) -> 0 | U34: =SUM(U4:U33) -> 0 | V34: =SUM(V4:V33) -> 0 | W34: =SUM(W4:W33) -> 0

Sheet 7.서울교통공사
B3: 순 | C3: 고객 | D3: 국가 | E3: 견적번호 | F3: RFQ no. | G3: 견적일 | H3: 유효일 | I3: PO no. | J3: 수주일 | K3: 납기 | L3: Item | M3: 구분 | N3: 수량 | O3: 수주금액 (전체) | P3: 수주금액 (2025년) | Q3: 수주금액 (2026년) | R3: 목표가 | S3: 견적가(AB) | T3: 견적가(CD) | U3: 제조원가 | V3: 손익(%) | W3: 입금 총액 | X3: 비고
B4: 1 | C4: 서울교통공사 | E4: HSJ20250819-01 | G4: 45888 | H4: 45900 | M4: 7호선 3차분 CSC 대 수선 | R4: 72080000 | T4: 72080000 | X4: 서울교통공사에서 나라장터 통한 입찰공고 준비 중 (2026년)
O34: =SUM(O4:O33) -> 0 | P34: =SUM(P4:P33) -> 0 | Q34: =SUM(Q4:Q33) -> 0 | R34: =SUM(R4:R33) -> 72080000 | S34: =SUM(S4:S33) -> 0 | T34: =SUM(T4:T33) -> 72080000 | U34: =SUM(U4:U33) -> 0 | V34: =SUM(V4:V33) -> 0 | W34: =SUM(W4:W33) -> 0

Sheet 8.기타
B3: 순 | C3: 고객 | D3: 국가 | E3: 견적번호 | F3: RFQ no. | G3: 견적일 | H3: 유효일 | I3: PO no. | J3: 수주일 | K3: 납기 | L3: Item | M3: 구분 | N3: 수량 | O3: 수주금액 (전체) | P3: 수주금액 (2025년) | Q3: 수주금액 (2026년) | R3: 목표가 | S3: 견적가(AB) | T3: 견적가(CD) | U3: 제조원가 | V3: 손익(%) | W3: 입금 총액 | X3: 비고
B4: 1 | C4: 김포골드라인SRS | D4: 한국
B5: 2 | C5: 고구려엔지니어링 | D5: 한국
B6: 3 | C6: 실리콘큐브 | D6: 한국
B7: 4 | C7: 무한테크 | D7: 한국
B8: 5 | C8: 티랩 | D8: 한국
B9: 6 | C9: 마루소프트 | D9: 한국
B10: 7 | C10: 신진금고 | D10: 한국
B11: 8 | C11: 위플랫 | D11: 한국
O34: =SUM(O4:O33) -> 0 | P34: =SUM(P4:P33) -> 0 | Q34: =SUM(Q4:Q33) -> 0 | R34: =SUM(R4:R33) -> 0 | S34: =SUM(S4:S33) -> 0 | T34: =SUM(T4:T33) -> 0 | U34: =SUM(U4:U33) -> 0 | V34: =SUM(V4:V33) -> 0 | W34: =SUM(W4:W33) -> 0
