Workbook

Sheet 요약
B1: ■ 업체-PO 구매비용 요약 (입고 금액 기준) | U1: (단위 원화, VAT 별도) | X1: ■ 업체-현황 구매비용 요약 (입고 금액 기준) | AE1: (단위 원화, VAT 별도)
B2: 공급업체 \ PO | C2: GIC CSP24-0409-1호 | D2: GIC CSP24-0409-2호 | E2: GIC CSP24-0524-1호 | F2: GIC CSP24-0524-2호 | G2: GIC CSP24-0913-1호 | H2: GIC CSP24-0923-1호 | I2: DWE-2024-JUN-11-001 | J2: DWE-2024-AUG-29-001 | K2: 임시-7호선CSC-241029 | L2: 임시-7호선표시기-250107 | M2: HRCPO20250226-001 | N2: 임시-홍콩-시험기 | O2: 임시-IDN- 보수품 | P2: 20250711001 (현대자동차) | Q2: 신촌시험장치_20250728 | R2: 20250728001 (포스코) | S2: DH-비업시스-250731-1 | T2: 없음 | U2: 소계 | V2: 비율 (%) | X2: 공급업체 \ 현황 | Y2: 발주예정 | Z2: 발주완료 | AA2: 발주취소 | AB2: 선금지급 | AC2: 입고완료 | AD2: 결제완료 | AE2: 소계 | AF2: 비율 (%)
A3: 1 | B3: 고은효 | C3: =SUMIFS('구매 입고 현황'!$U$4:$U$189,'구매 입고 현황'!$E$4:$E$189,$B3,'구매 입고 현황'!$H$4:$H$189,C$2) -> 0 | D3: =SUMIFS('구매 입고 현황'!$U$4:$U$189,'구매 입고 현황'!$E$4:$E$189,$B3,'구매 입고 현황'!$H$4:$H$189,D$2) -> 0 | E3: =SUMIFS('구매 입고 현황'!$U$4:$U$189,'구매 입고 현황'!$E$4:$E$189,$B3,'구매 입고 현황'!$H$4:$H$189,E$2) -> 0 | F3: =SUMIFS('구매 입고 현황'!$U$4:$U$189,'구매 입고 현황'!$E$4:$E$189,$B3,'구매 입고 현황'!$H$4:$H$189,F$2) -> 0 | G3: =SUMIFS('구매 입고 현황'!$U$4:$U$189,'구매 입고 현황'!$E$4:$E$189,$B3,'구매 입고 현황'!$H$4:$H$189,G$2) -> 800000 | H3: =SUMIFS('구매 입고 현황'!$U$4:$U$189,'구매 입고 현황'!$E$4:$E$189,$B3,'구매 입고 현황'!$H$4:$H$189,H$2) -> 0 | I3: =SUMIFS('구매 입고 현황'!$U$4:$U$189,'구매 입고 현황'!$E$4:$E$189,$B3,'구매 입고 현황'!$H$4:$H$189,I$2) -> 0 | J3: =SUMIFS('구매 입고 현황'!$U$4:$U$189,'구매 입고 현황'!$E$4:$E$189,$B3,'구매 입고 현황'!$H$4:$H$189,J$2) -> 0 | ... T3: =SUMIFS('구매 입고 현황'!$U$4:$U$189,'구매 입고 현황'!$E$4:$E$189,$B3,'구매 입고 현황'!$H$4:$H$189,T$2) -> 0 | U3: =SUM(C3:T3) -> 800000 | V3: =U3/$U$46 -> 0.0011551976 | W3: 1 | X3: 고은효 | Y3: =SUMIFS('구매 입고 현황'!$U$4:$U$189,'구매 입고 현황'!$E$4:$E$189,$X3,'구매 입고 현황'!$L$4:$L$189,Y$2) -> 0 | Z3: =SUMIFS('구매 입고 현황'!$U$4:$U$189,'구매 입고 현황'!$E$4:$E$189,$X3,'구매 입고 현황'!$L$4:$L$189,Z$2) -> 0 | AA3: =SUMIFS('구매 입고 현황'!$U$4:$U$189,'구매 입고 현황'!$E$4:$E$189,$X3,'구매 입고 현황'!$L$4:$L$189,AA$2) -> 0 | AB3: =SUMIFS('구매 입고 현황'!$U$4:$U$189,'구매 입고 현황'!$E$4:$E$189,$X3,'구매 입고 현황'!$L$4:$L$189,AB$2) -> 0 | AC3: =SUMIFS('구매 입고 현황'!$U$4:$U$189,'구매 입고 현황'!$E$4:$E$189,$X3,'구매 입고 현황'!$L$4:$L$189,AC$2) -> 0 | AD3: =SUMIFS('구매 입고 현황'!$U$4:$U$189,'구매 입고 현황'!$E$4:$E$189,$X3,'구매 입고 현황'!$L$4:$L$189,AD$2) -> 800000 | AE3: =SUM(Y3:AD3) -> 800000 | AF3: =AE3/$AE$46 -> 0.0011498627
A4: 2 | B4: 김민석 | C4: =SUMIFS('구매 입고 현황'!$U$4:$U$189,'구매 입고 현황'!$E$4:$E$189,$B4,'구매 입고 현황'!$H$4:$H$189,C$2) -> 0 | D4: =SUMIFS('구매 입고 현황'!$U$4:$U$189,'구매 입고 현황'!$E$4:$E$189,$B4,'구매 입고 현황'!$H$4:$H$189,D$2) -> 0 | E4: =SUMIFS('구매 입고 현황'!$U$4:$U$189,'구매 입고 현황'!$E$4:$E$189,$B4,'구매 입고 현황'!$H$4:$H$189,E$2) -> 0 | F4: =SUMIFS('구매 입고 현황'!$U$4:$U$189,'구매 입고 현황'!$E$4:$E$189,$B4,'구매 입고 현황'!$H$4:$H$189,F$2) -> 0 | G4: =SUMIFS('구매 입고 현황'!$U$4:$U$189,'구매 입고 현황'!$E$4:$E$189,$B4,'구매 입고 현황'!$H$4:$H$189,G$2) -> 5400000 | H4: =SUMIFS('구매 입고 현황'!$U$4:$U$189,'구매 입고 현황'!$E$4:$E$189,$B4,'구매 입고 현황'!$H$4:$H$189,H$2) -> 0 | I4: =SUMIFS('구매 입고 현황'!$U$4:$U$189,'구매 입고 현황'!$E$4:$E$189,$B4,'구매 입고 현황'!$H$4:$H$189,I$2) -> 0 | J4: =SUMIFS('구매 입고 현황'!$U$4:$U$189,'구매 입고 현황'!$E$4:$E$189,$B4,'구매 입고 현황'!$H$4:$H$189,J$2) -> 0 | ... T4: =SUMIFS('구매 입고 현황'!$U$4:$U$189,'구매 입고 현황'!$E$4:$E$189,$B4,'구매 입고 현황'!$H$4:$H$189,T$2) -> 0 | U4: =SUM(C4:T4) -> 5400000 | V4: =U4/$U$46 -> 0.0077975838 | W4: 2 | X4: 김민석 | Y4: =SUMIFS('구매 입고 현황'!$U$4:$U$189,'구매 입고 현황'!$E$4:$E$189,$X4,'구매 입고 현황'!$L$4:$L$189,Y$2) -> 0 | Z4: =SUMIFS('구매 입고 현황'!$U$4:$U$189,'구매 입고 현황'!$E$4:$E$189,$X4,'구매 입고 현황'!$L$4:$L$189,Z$2) -> 0 | AA4: =SUMIFS('구매 입고 현황'!$U$4:$U$189,'구매 입고 현황'!$E$4:$E$189,$X4,'구매 입고 현황'!$L$4:$L$189,AA$2) -> 0 | AB4: =SUMIFS('구매 입고 현황'!$U$4:$U$189,'구매 입고 현황'!$E$4:$E$189,$X4,'구매 입고 현황'!$L$4:$L$189,AB$2) -> 0 | AC4: =SUMIFS('구매 입고 현황'!$U$4:$U$189,'구매 입고 현황'!$E$4:$E$189,$X4,'구매 입고 현황'!$L$4:$L$189,AC$2) -> 0 | AD4: =SUMIFS('구매 입고 현황'!$U$4:$U$189,'구매 입고 현황'!$E$4:$E$189,$X4,'구매 입고 현황'!$L$4:$L$189,AD$2) -> 5400000 | AE4: =SUM(Y4:AD4) -> 5400000 | AF4: =AE4/$AE$46 -> 0.0077615735
A5: 3 | B5: 김재현 | C5: =SUMIFS('구매 입고 현황'!$U$4:$U$189,'구매 입고 현황'!$E$4:$E$189,$B5,'구매 입고 현황'!$H$4:$H$189,C$2) -> 0 | D5: =SUMIFS('구매 입고 현황'!$U$4:$U$189,'구매 입고 현황'!$E$4:$E$189,$B5,'구매 입고 현황'!$H$4:$H$189,D$2) -> 0 | E5: =SUMIFS('구매 입고 현황'!$U$4:$U$189,'구매 입고 현황'!$E$4:$E$189,$B5,'구매 입고 현황'!$H$4:$H$189,E$2) -> 0 | F5: =SUMIFS('구매 입고 현황'!$U$4:$U$189,'구매 입고 현황'!$E$4:$E$189,$B5,'구매 입고 현황'!$H$4:$H$189,F$2) -> 0 | G5: =SUMIFS('구매 입고 현황'!$U$4:$U$189,'구매 입고 현황'!$E$4:$E$189,$B5,'구매 입고 현황'!$H$4:$H$189,G$2) -> 20000000 | H5: =SUMIFS('구매 입고 현황'!$U$4:$U$189,'구매 입고 현황'!$E$4:$E$189,$B5,'구매 입고 현황'!$H$4:$H$189,H$2) -> 0 | I5: =SUMIFS('구매 입고 현황'!$U$4:$U$189,'구매 입고 현황'!$E$4:$E$189,$B5,'구매 입고 현황'!$H$4:$H$189,I$2) -> 0 | J5: =SUMIFS('구매 입고 현황'!$U$4:$U$189,'구매 입고 현황'!$E$4:$E$189,$B5,'구매 입고 현황'!$H$4:$H$189,J$2) -> 0 | ... T5: =SUMIFS('구매 입고 현황'!$U$4:$U$189,'구매 입고 현황'!$E$4:$E$189,$B5,'구매 입고 현황'!$H$4:$H$189,T$2) -> 0 | U5: =SUM(C5:T5) -> 20000000 | V5: =U5/$U$46 -> 0.02887994 | W5: 3 | X5: 김재현 | Y5: =SUMIFS('구매 입고 현황'!$U$4:$U$189,'구매 입고 현황'!$E$4:$E$189,$X5,'구매 입고 현황'!$L$4:$L$189,Y$2) -> 0 | Z5: =SUMIFS('구매 입고 현황'!$U$4:$U$189,'구매 입고 현황'!$E$4:$E$189,$X5,'구매 입고 현황'!$L$4:$L$189,Z$2) -> 0 | AA5: =SUMIFS('구매 입고 현황'!$U$4:$U$189,'구매 입고 현황'!$E$4:$E$189,$X5,'구매 입고 현황'!$L$4:$L$189,AA$2) -> 0 | AB5: =SUMIFS('구매 입고 현황'!$U$4:$U$189,'구매 입고 현황'!$E$4:$E$189,$X5,'구매 입고 현황'!$L$4:$L$189,AB$2) -> 0 | AC5: =SUMIFS('구매 입고 현황'!$U$4:$U$189,'구매 입고 현황'!$E$4:$E$189,$X5,'구매 입고 현황'!$L$4:$L$189,AC$2) -> 0 | AD5: =SUMIFS('구매 입고 현황'!$U$4:$U$189,'구매 입고 현황'!$E$4:$E$189,$X5,'구매 입고 현황'!$L$4:$L$189,AD$2) -> 20000000 | AE5: =SUM(Y5:AD5) -> 20000000 | AF5: =AE5/$AE$46 -> 0.028746568
A6: 4 | B6: 나무 | C6: =SUMIFS('구매 입고 현황'!$U$4:$U$189,'구매 입고 현황'!$E$4:$E$189,$B6,'구매 입고 현황'!$H$4:$H$189,C$2) -> 0 | D6: =SUMIFS('구매 입고 현황'!$U$4:$U$189,'구매 입고 현황'!$E$4:$E$189,$B6,'구매 입고 현황'!$H$4:$H$189,D$2) -> 0 | E6: =SUMIFS('구매 입고 현황'!$U$4:$U$189,'구매 입고 현황'!$E$4:$E$189,$B6,'구매 입고 현황'!$H$4:$H$189,E$2) -> 0 | F6: =SUMIFS('구매 입고 현황'!$U$4:$U$189,'구매 입고 현황'!$E$4:$E$189,$B6,'구매 입고 현황'!$H$4:$H$189,F$2) -> 0 | G6: =SUMIFS('구매 입고 현황'!$U$4:$U$189,'구매 입고 현황'!$E$4:$E$189,$B6,'구매 입고 현황'!$H$4:$H$189,G$2) -> 0 | H6: =SUMIFS('구매 입고 현황'!$U$4:$U$189,'구매 입고 현황'!$E$4:$E$189,$B6,'구매 입고 현황'!$H$4:$H$189,H$2) -> 0 | I6: =SUMIFS('구매 입고 현황'!$U$4:$U$189,'구매 입고 현황'!$E$4:$E$189,$B6,'구매 입고 현황'!$H$4:$H$189,I$2) -> 0 | J6: =SUMIFS('구매 입고 현황'!$U$4:$U$189,'구매 입고 현황'!$E$4:$E$189,$B6,'구매 입고 현황'!$H$4:$H$189,J$2) -> 0 | ... T6: =SUMIFS('구매 입고 현황'!$U$4:$U$189,'구매 입고 현황'!$E$4:$E$189,$B6,'구매 입고 현황'!$H$4:$H$189,T$2) -> 0 | U6: =SUM(C6:T6) -> 224250 | V6: =U6/$U$46 -> 0.00032381633 | W6: 4 | X6: 나무 | Y6: =SUMIFS('구매 입고 현황'!$U$4:$U$189,'구매 입고 현황'!$E$4:$E$189,$X6,'구매 입고 현황'!$L$4:$L$189,Y$2) -> 0 | Z6: =SUMIFS('구매 입고 현황'!$U$4:$U$189,'구매 입고 현황'!$E$4:$E$189,$X6,'구매 입고 현황'!$L$4:$L$189,Z$2) -> 0 | AA6: =SUMIFS('구매 입고 현황'!$U$4:$U$189,'구매 입고 현황'!$E$4:$E$189,$X6,'구매 입고 현황'!$L$4:$L$189,AA$2) -> 0 | AB6: =SUMIFS('구매 입고 현황'!$U$4:$U$189,'구매 입고 현황'!$E$4:$E$189,$X6,'구매 입고 현황'!$L$4:$L$189,AB$2) -> 0 | AC6: =SUMIFS('구매 입고 현황'!$U$4:$U$189,'구매 입고 현황'!$E$4:$E$189,$X6,'구매 입고 현황'!$L$4:$L$189,AC$2) -> 0 | AD6: =SUMIFS('구매 입고 현황'!$U$4:$U$189,'구매 입고 현황'!$E$4:$E$189,$X6,'구매 입고 현황'!$L$4:$L$189,AD$2) -> 224250 | AE6: =SUM(Y6:AD6) -> 224250 | AF6: =AE6/$AE$46 -> 0.0003223209
A7: 5 | B7: 대성프로파일 | C7: =SUMIFS('구매 입고 현황'!$U$4:$U$189,'구매 입고 현황'!$E$4:$E$189,$B7,'구매 입고 현황'!$H$4:$H$189,C$2) -> 0 | D7: =SUMIFS('구매 입고 현황'!$U$4:$U$189,'구매 입고 현황'!$E$4:$E$189,$B7,'구매 입고 현황'!$H$4:$H$189,D$2) -> 0 | E7: =SUMIFS('구매 입고 현황'!$U$4:$U$189,'구매 입고 현황'!$E$4:$E$189,$B7,'구매 입고 현황'!$H$4:$H$189,E$2) -> 0 | F7: =SUMIFS('구매 입고 현황'!$U$4:$U$189,'구매 입고 현황'!$E$4:$E$189,$B7,'구매 입고 현황'!$H$4:$H$189,F$2) -> 0 | G7: =SUMIFS('구매 입고 현황'!$U$4:$U$189,'구매 입고 현황'!$E$4:$E$189,$B7,'구매 입고 현황'!$H$4:$H$189,G$2) -> 0 | H7: =SUMIFS('구매 입고 현황'!$U$4:$U$189,'구매 입고 현황'!$E$4:$E$189,$B7,'구매 입고 현황'!$H$4:$H$189,H$2) -> 0 | I7: =SUMIFS('구매 입고 현황'!$U$4:$U$189,'구매 입고 현황'!$E$4:$E$189,$B7,'구매 입고 현황'!$H$4:$H$189,I$2) -> 0 | J7: =SUMIFS('구매 입고 현황'!$U$4:$U$189,'구매 입고 현황'!$E$4:$E$189,$B7,'구매 입고 현황'!$H$4:$H$189,J$2) -> 0 | ... T7: =SUMIFS('구매 입고 현황'!$U$4:$U$189,'구매 입고 현황'!$E$4:$E$189,$B7,'구매 입고 현황'!$H$4:$H$189,T$2) -> 0 | U7: =SUM(C7:T7) -> 1300000 | V7: =U7/$U$46 -> 0.0018771961 | W7: 5 | X7: 대성프로파일 | Y7: =SUMIFS('구매 입고 현황'!$U$4:$U$189,'구매 입고 현황'!$E$4:$E$189,$X7,'구매 입고 현황'!$L$4:$L$189,Y$2) -> 0 | Z7: =SUMIFS('구매 입고 현황'!$U$4:$U$189,'구매 입고 현황'!$E$4:$E$189,$X7,'구매 입고 현황'!$L$4:$L$189,Z$2) -> 0 | AA7: =SUMIFS('구매 입고 현황'!$U$4:$U$189,'구매 입고 현황'!$E$4:$E$189,$X7,'구매 입고 현황'!$L$4:$L$189,AA$2) -> 0 | AB7: =SUMIFS('구매 입고 현황'!$U$4:$U$189,'구매 입고 현황'!$E$4:$E$189,$X7,'구매 입고 현황'!$L$4:$L$189,AB$2) -> 0 | AC7: =SUMIFS('구매 입고 현황'!$U$4:$U$189,'구매 입고 현황'!$E$4:$E$189,$X7,'구매 입고 현황'!$L$4:$L$189,AC$2) -> 0 | AD7: =SUMIFS('구매 입고 현황'!$U$4:$U$189,'구매 입고 현황'!$E$4:$E$189,$X7,'구매 입고 현황'!$L$4:$L$189,AD$2) -> 1300000 | AE7: =SUM(Y7:AD7) -> 1300000 | AF7: =AE7/$AE$46 -> 0.001868527
A8: 6 | B8: 대현테크 | C8: =SUMIFS('구매 입고 현황'!$U$4:$U$189,'구매 입고 현황'!$E$4:$E$189,$B8,'구매 입고 현황'!$H$4:$H$189,C$2) -> 0 | D8: =SUMIFS('구매 입고 현황'!$U$4:$U$189,'구매 입고 현황'!$E$4:$E$189,$B8,'구매 입고 현황'!$H$4:$H$189,D$2) -> 0 | E8: =SUMIFS('구매 입고 현황'!$U$4:$U$189,'구매 입고 현황'!$E$4:$E$189,$B8,'구매 입고 현황'!$H$4:$H$189,E$2) -> 0 | F8: =SUMIFS('구매 입고 현황'!$U$4:$U$189,'구매 입고 현황'!$E$4:$E$189,$B8,'구매 입고 현황'!$H$4:$H$189,F$2) -> 0 | G8: =SUMIFS('구매 입고 현황'!$U$4:$U$189,'구매 입고 현황'!$E$4:$E$189,$B8,'구매 입고 현황'!$H$4:$H$189,G$2) -> 0 | H8: =SUMIFS('구매 입고 현황'!$U$4:$U$189,'구매 입고 현황'!$E$4:$E$189,$B8,'구매 입고 현황'!$H$4:$H$189,H$2) -> 0 | I8: =SUMIFS('구매 입고 현황'!$U$4:$U$189,'구매 입고 현황'!$E$4:$E$189,$B8,'구매 입고 현황'!$H$4:$H$189,I$2) -> 0 | J8: =SUMIFS('구매 입고 현황'!$U$4:$U$189,'구매 입고 현황'!$E$4:$E$189,$B8,'구매 입고 현황'!$H$4:$H$189,J$2) -> 0 | ... T8: =SUMIFS('구매 입고 현황'!$U$4:$U$189,'구매 입고 현황'!$E$4:$E$189,$B8,'구매 입고 현황'!$H$4:$H$189,T$2) -> 0 | U8: =SUM(C8:T8) -> 2611000 | V8: =U8/$U$46 -> 0.0037702762 | W8: 6 | X8: 대현테크 | Y8: =SUMIFS('구매 입고 현황'!$U$4:$U$189,'구매 입고 현황'!$E$4:$E$189,$X8,'구매 입고 현황'!$L$4:$L$189,Y$2) -> 0 | Z8: =SUMIFS('구매 입고 현황'!$U$4:$U$189,'구매 입고 현황'!$E$4:$E$189,$X8,'구매 입고 현황'!$L$4:$L$189,Z$2) -> 0 | AA8: =SUMIFS('구매 입고 현황'!$U$4:$U$189,'구매 입고 현황'!$E$4:$E$189,$X8,'구매 입고 현황'!$L$4:$L$189,AA$2) -> 0 | AB8: =SUMIFS('구매 입고 현황'!$U$4:$U$189,'구매 입고 현황'!$E$4:$E$189,$X8,'구매 입고 현황'!$L$4:$L$189,AB$2) -> 0 | AC8: =SUMIFS('구매 입고 현황'!$U$4:$U$189,'구매 입고 현황'!$E$4:$E$189,$X8,'구매 입고 현황'!$L$4:$L$189,AC$2) -> 0 | AD8: =SUMIFS('구매 입고 현황'!$U$4:$U$189,'구매 입고 현황'!$E$4:$E$189,$X8,'구매 입고 현황'!$L$4:$L$189,AD$2) -> 2611000 | AE8: =SUM(Y8:AD8) -> 2611000 | AF8: =AE8/$AE$46 -> 0.0037528645
A9: 7 | B9: 드림온테크 유한회사 | C9: =SUMIFS('구매 입고 현황'!$U$4:$U$189,'구매 입고 현황'!$E$4:$E$189,$B9,'구매 입고 현황'!$H$4:$H$189,C$2) -> 0 | D9: =SUMIFS('구매 입고 현황'!$U$4:$U$189,'구매 입고 현황'!$E$4:$E$189,$B9,'구매 입고 현황'!$H$4:$H$189,D$2) -> 0 | E9: =SUMIFS('구매 입고 현황'!$U$4:$U$189,'구매 입고 현황'!$E$4:$E$189,$B9,'구매 입고 현황'!$H$4:$H$189,E$2) -> 80000000 | F9: =SUMIFS('구매 입고 현황'!$U$4:$U$189,'구매 입고 현황'!$E$4:$E$189,$B9,'구매 입고 현황'!$H$4:$H$189,F$2) -> 0 | G9: =SUMIFS('구매 입고 현황'!$U$4:$U$189,'구매 입고 현황'!$E$4:$E$189,$B9,'구매 입고 현황'!$H$4:$H$189,G$2) -> 0 | H9: =SUMIFS('구매 입고 현황'!$U$4:$U$189,'구매 입고 현황'!$E$4:$E$189,$B9,'구매 입고 현황'!$H$4:$H$189,H$2) -> 0 | I9: =SUMIFS('구매 입고 현황'!$U$4:$U$189,'구매 입고 현황'!$E$4:$E$189,$B9,'구매 입고 현황'!$H$4:$H$189,I$2) -> 0 | J9: =SUMIFS('구매 입고 현황'!$U$4:$U$189,'구매 입고 현황'!$E$4:$E$189,$B9,'구매 입고 현황'!$H$4:$H$189,J$2) -> 0 | ... T9: =SUMIFS('구매 입고 현황'!$U$4:$U$189,'구매 입고 현황'!$E$4:$E$189,$B9,'구매 입고 현황'!$H$4:$H$189,T$2) -> 0 | U9: =SUM(C9:T9) -> 80000000 | V9: =U9/$U$46 -> 0.11551976 | W9: 7 | X9: 드림온테크 유한회사 | Y9: =SUMIFS('구매 입고 현황'!$U$4:$U$189,'구매 입고 현황'!$E$4:$E$189,$X9,'구매 입고 현황'!$L$4:$L$189,Y$2) -> 0 | Z9: =SUMIFS('구매 입고 현황'!$U$4:$U$189,'구매 입고 현황'!$E$4:$E$189,$X9,'구매 입고 현황'!$L$4:$L$189,Z$2) -> 0 | AA9: =SUMIFS('구매 입고 현황'!$U$4:$U$189,'구매 입고 현황'!$E$4:$E$189,$X9,'구매 입고 현황'!$L$4:$L$189,AA$2) -> 0 | AB9: =SUMIFS('구매 입고 현황'!$U$4:$U$189,'구매 입고 현황'!$E$4:$E$189,$X9,'구매 입고 현황'!$L$4:$L$189,AB$2) -> 0 | AC9: =SUMIFS('구매 입고 현황'!$U$4:$U$189,'구매 입고 현황'!$E$4:$E$189,$X9,'구매 입고 현황'!$L$4:$L$189,AC$2) -> 0 | AD9: =SUMIFS('구매 입고 현황'!$U$4:$U$189,'구매 입고 현황'!$E$4:$E$189,$X9,'구매 입고 현황'!$L$4:$L$189,AD$2) -> 80000000 | AE9: =SUM(Y9:AD9) -> 80000000 | AF9: =AE9/$AE$46 -> 0.11498627
A10: 8 | B10: 디에스테크놀러지 | C10: =SUMIFS('구매 입고 현황'!$U$4:$U$189,'구매 입고 현황'!$E$4:$E$189,$B10,'구매 입고 현황'!$H$4:$H$189,C$2) -> 0 | D10: =SUMIFS('구매 입고 현황'!$U$4:$U$189,'구매 입고 현황'!$E$4:$E$189,$B10,'구매 입고 현황'!$H$4:$H$189,D$2) -> 0 | E10: =SUMIFS('구매 입고 현황'!$U$4:$U$189,'구매 입고 현황'!$E$4:$E$189,$B10,'구매 입고 현황'!$H$4:$H$189,E$2) -> 0 | F10: =SUMIFS('구매 입고 현황'!$U$4:$U$189,'구매 입고 현황'!$E$4:$E$189,$B10,'구매 입고 현황'!$H$4:$H$189,F$2) -> 0 | G10: =SUMIFS('구매 입고 현황'!$U$4:$U$189,'구매 입고 현황'!$E$4:$E$189,$B10,'구매 입고 현황'!$H$4:$H$189,G$2) -> 0 | H10: =SUMIFS('구매 입고 현황'!$U$4:$U$189,'구매 입고 현황'!$E$4:$E$189,$B10,'구매 입고 현황'!$H$4:$H$189,H$2) -> 3300000 | I10: =SUMIFS('구매 입고 현황'!$U$4:$U$189,'구매 입고 현황'!$E$4:$E$189,$B10,'구매 입고 현황'!$H$4:$H$189,I$2) -> 0 | J10: =SUMIFS('구매 입고 현황'!$U$4:$U$189,'구매 입고 현황'!$E$4:$E$189,$B10,'구매 입고 현황'!$H$4:$H$189,J$2) -> 0 | ... T10: =SUMIFS('구매 입고 현황'!$U$4:$U$189,'구매 입고 현황'!$E$4:$E$189,$B10,'구매 입고 현황'!$H$4:$H$189,T$2) -> 0 | U10: =SUM(C10:T10) -> 3300000 | V10: =U10/$U$46 -> 0.0047651901 | W10: 8 | X10: 디에스테크놀러지 | Y10: =SUMIFS('구매 입고 현황'!$U$4:$U$189,'구매 입고 현황'!$E$4:$E$189,$X10,'구매 입고 현황'!$L$4:$L$189,Y$2) -> 0 | Z10: =SUMIFS('구매 입고 현황'!$U$4:$U$189,'구매 입고 현황'!$E$4:$E$189,$X10,'구매 입고 현황'!$L$4:$L$189,Z$2) -> 0 | AA10: =SUMIFS('구매 입고 현황'!$U$4:$U$189,'구매 입고 현황'!$E$4:$E$189,$X10,'구매 입고 현황'!$L$4:$L$189,AA$2) -> 0 | AB10: =SUMIFS('구매 입고 현황'!$U$4:$U$189,'구매 입고 현황'!$E$4:$E$189,$X10,'구매 입고 현황'!$L$4:$L$189,AB$2) -> 0 | AC10: =SUMIFS('구매 입고 현황'!$U$4:$U$189,'구매 입고 현황'!$E$4:$E$189,$X10,'구매 입고 현황'!$L$4:$L$189,AC$2) -> 0 | AD10: =SUMIFS('구매 입고 현황'!$U$4:$U$189,'구매 입고 현황'!$E$4:$E$189,$X10,'구매 입고 현황'!$L$4:$L$189,AD$2) -> 3300000 | AE10: =SUM(Y10:AD10) -> 3300000 | AF10: =AE10/$AE$46 -> 0.0047431838
A11: 9 | B11: 만능 | C11: =SUMIFS('구매 입고 현황'!$U$4:$U$189,'구매 입고 현황'!$E$4:$E$189,$B11,'구매 입고 현황'!$H$4:$H$189,C$2) -> 0 | D11: =SUMIFS('구매 입고 현황'!$U$4:$U$189,'구매 입고 현황'!$E$4:$E$189,$B11,'구매 입고 현황'!$H$4:$H$189,D$2) -> 0 | E11: =SUMIFS('구매 입고 현황'!$U$4:$U$189,'구매 입고 현황'!$E$4:$E$189,$B11,'구매 입고 현황'!$H$4:$H$189,E$2) -> 0 | F11: =SUMIFS('구매 입고 현황'!$U$4:$U$189,'구매 입고 현황'!$E$4:$E$189,$B11,'구매 입고 현황'!$H$4:$H$189,F$2) -> 0 | G11: =SUMIFS('구매 입고 현황'!$U$4:$U$189,'구매 입고 현황'!$E$4:$E$189,$B11,'구매 입고 현황'!$H$4:$H$189,G$2) -> 0 | H11: =SUMIFS('구매 입고 현황'!$U$4:$U$189,'구매 입고 현황'!$E$4:$E$189,$B11,'구매 입고 현황'!$H$4:$H$189,H$2) -> 0 | I11: =SUMIFS('구매 입고 현황'!$U$4:$U$189,'구매 입고 현황'!$E$4:$E$189,$B11,'구매 입고 현황'!$H$4:$H$189,I$2) -> 0 | J11: =SUMIFS('구매 입고 현황'!$U$4:$U$189,'구매 입고 현황'!$E$4:$E$189,$B11,'구매 입고 현황'!$H$4:$H$189,J$2) -> 0 | ... T11: =SUMIFS('구매 입고 현황'!$U$4:$U$189,'구매 입고 현황'!$E$4:$E$189,$B11,'구매 입고 현황'!$H$4:$H$189,T$2) -> 0 | U11: =SUM(C11:T11) -> 1939000 | V11: =U11/$U$46 -> 0.0027999102 | W11: 9 | X11: 만능 | Y11: =SUMIFS('구매 입고 현황'!$U$4:$U$189,'구매 입고 현황'!$E$4:$E$189,$X11,'구매 입고 현황'!$L$4:$L$189,Y$2) -> 0 | Z11: =SUMIFS('구매 입고 현황'!$U$4:$U$189,'구매 입고 현황'!$E$4:$E$189,$X11,'구매 입고 현황'!$L$4:$L$189,Z$2) -> 0 | AA11: =SUMIFS('구매 입고 현황'!$U$4:$U$189,'구매 입고 현황'!$E$4:$E$189,$X11,'구매 입고 현황'!$L$4:$L$189,AA$2) -> 0 | AB11: =SUMIFS('구매 입고 현황'!$U$4:$U$189,'구매 입고 현황'!$E$4:$E$189,$X11,'구매 입고 현황'!$L$4:$L$189,AB$2) -> 0 | AC11: =SUMIFS('구매 입고 현황'!$U$4:$U$189,'구매 입고 현황'!$E$4:$E$189,$X11,'구매 입고 현황'!$L$4:$L$189,AC$2) -> 0 | AD11: =SUMIFS('구매 입고 현황'!$U$4:$U$189,'구매 입고 현황'!$E$4:$E$189,$X11,'구매 입고 현황'!$L$4:$L$189,AD$2) -> 1939000 | AE11: =SUM(Y11:AD11) -> 1939000 | AF11: =AE11/$AE$46 -> 0.0027869798
A12: 10 | B12: 메카전자 | C12: =SUMIFS('구매 입고 현황'!$U$4:$U$189,'구매 입고 현황'!$E$4:$E$189,$B12,'구매 입고 현황'!$H$4:$H$189,C$2) -> 7040000 | D12: =SUMIFS('구매 입고 현황'!$U$4:$U$189,'구매 입고 현황'!$E$4:$E$189,$B12,'구매 입고 현황'!$H$4:$H$189,D$2) -> 0 | E12: =SUMIFS('구매 입고 현황'!$U$4:$U$189,'구매 입고 현황'!$E$4:$E$189,$B12,'구매 입고 현황'!$H$4:$H$189,E$2) -> 0 | F12: =SUMIFS('구매 입고 현황'!$U$4:$U$189,'구매 입고 현황'!$E$4:$E$189,$B12,'구매 입고 현황'!$H$4:$H$189,F$2) -> 0 | G12: =SUMIFS('구매 입고 현황'!$U$4:$U$189,'구매 입고 현황'!$E$4:$E$189,$B12,'구매 입고 현황'!$H$4:$H$189,G$2) -> 33325280 | H12: =SUMIFS('구매 입고 현황'!$U$4:$U$189,'구매 입고 현황'!$E$4:$E$189,$B12,'구매 입고 현황'!$H$4:$H$189,H$2) -> 0 | I12: =SUMIFS('구매 입고 현황'!$U$4:$U$189,'구매 입고 현황'!$E$4:$E$189,$B12,'구매 입고 현황'!$H$4:$H$189,I$2) -> 0 | J12: =SUMIFS('구매 입고 현황'!$U$4:$U$189,'구매 입고 현황'!$E$4:$E$189,$B12,'구매 입고 현황'!$H$4:$H$189,J$2) -> 0 | ... T12: =SUMIFS('구매 입고 현황'!$U$4:$U$189,'구매 입고 현황'!$E$4:$E$189,$B12,'구매 입고 현황'!$H$4:$H$189,T$2) -> 0 | U12: =SUM(C12:T12) -> 40365280 | V12: =U12/$U$46 -> 0.058287343 | W12: 10 | X12: 메카전자 | Y12: =SUMIFS('구매 입고 현황'!$U$4:$U$189,'구매 입고 현황'!$E$4:$E$189,$X12,'구매 입고 현황'!$L$4:$L$189,Y$2) -> 0 | Z12: =SUMIFS('구매 입고 현황'!$U$4:$U$189,'구매 입고 현황'!$E$4:$E$189,$X12,'구매 입고 현황'!$L$4:$L$189,Z$2) -> 0 | AA12: =SUMIFS('구매 입고 현황'!$U$4:$U$189,'구매 입고 현황'!$E$4:$E$189,$X12,'구매 입고 현황'!$L$4:$L$189,AA$2) -> 0 | AB12: =SUMIFS('구매 입고 현황'!$U$4:$U$189,'구매 입고 현황'!$E$4:$E$189,$X12,'구매 입고 현황'!$L$4:$L$189,AB$2) -> 0 | AC12: =SUMIFS('구매 입고 현황'!$U$4:$U$189,'구매 입고 현황'!$E$4:$E$189,$X12,'구매 입고 현황'!$L$4:$L$189,AC$2) -> 0 | AD12: =SUMIFS('구매 입고 현황'!$U$4:$U$189,'구매 입고 현황'!$E$4:$E$189,$X12,'구매 입고 현황'!$L$4:$L$189,AD$2) -> 40365280 | AE12: =SUM(Y12:AD12) -> 40365280 | AF12: =AE12/$AE$46 -> 0.058018164
A13: 11 | B13: 미래로 | C13: =SUMIFS('구매 입고 현황'!$U$4:$U$189,'구매 입고 현황'!$E$4:$E$189,$B13,'구매 입고 현황'!$H$4:$H$189,C$2) -> 0 | D13: =SUMIFS('구매 입고 현황'!$U$4:$U$189,'구매 입고 현황'!$E$4:$E$189,$B13,'구매 입고 현황'!$H$4:$H$189,D$2) -> 0 | E13: =SUMIFS('구매 입고 현황'!$U$4:$U$189,'구매 입고 현황'!$E$4:$E$189,$B13,'구매 입고 현황'!$H$4:$H$189,E$2) -> 0 | F13: =SUMIFS('구매 입고 현황'!$U$4:$U$189,'구매 입고 현황'!$E$4:$E$189,$B13,'구매 입고 현황'!$H$4:$H$189,F$2) -> 0 | G13: =SUMIFS('구매 입고 현황'!$U$4:$U$189,'구매 입고 현황'!$E$4:$E$189,$B13,'구매 입고 현황'!$H$4:$H$189,G$2) -> 0 | H13: =SUMIFS('구매 입고 현황'!$U$4:$U$189,'구매 입고 현황'!$E$4:$E$189,$B13,'구매 입고 현황'!$H$4:$H$189,H$2) -> 0 | I13: =SUMIFS('구매 입고 현황'!$U$4:$U$189,'구매 입고 현황'!$E$4:$E$189,$B13,'구매 입고 현황'!$H$4:$H$189,I$2) -> 0 | J13: =SUMIFS('구매 입고 현황'!$U$4:$U$189,'구매 입고 현황'!$E$4:$E$189,$B13,'구매 입고 현황'!$H$4:$H$189,J$2) -> 0 | ... T13: =SUMIFS('구매 입고 현황'!$U$4:$U$189,'구매 입고 현황'!$E$4:$E$189,$B13,'구매 입고 현황'!$H$4:$H$189,T$2) -> 0 | U13: =SUM(C13:T13) -> 993409 | V13: =U13/$U$46 -> 0.0014344796 | W13: 11 | X13: 미래로 | Y13: =SUMIFS('구매 입고 현황'!$U$4:$U$189,'구매 입고 현황'!$E$4:$E$189,$X13,'구매 입고 현황'!$L$4:$L$189,Y$2) -> 0 | Z13: =SUMIFS('구매 입고 현황'!$U$4:$U$189,'구매 입고 현황'!$E$4:$E$189,$X13,'구매 입고 현황'!$L$4:$L$189,Z$2) -> 0 | AA13: =SUMIFS('구매 입고 현황'!$U$4:$U$189,'구매 입고 현황'!$E$4:$E$189,$X13,'구매 입고 현황'!$L$4:$L$189,AA$2) -> 0 | AB13: =SUMIFS('구매 입고 현황'!$U$4:$U$189,'구매 입고 현황'!$E$4:$E$189,$X13,'구매 입고 현황'!$L$4:$L$189,AB$2) -> 0 | AC13: =SUMIFS('구매 입고 현황'!$U$4:$U$189,'구매 입고 현황'!$E$4:$E$189,$X13,'구매 입고 현황'!$L$4:$L$189,AC$2) -> 0 | AD13: =SUMIFS('구매 입고 현황'!$U$4:$U$189,'구매 입고 현황'!$E$4:$E$189,$X13,'구매 입고 현황'!$L$4:$L$189,AD$2) -> 993409 | AE13: =SUM(Y13:AD13) -> 993409 | AF13: =AE13/$AE$46 -> 0.001427855
A14: 12 | B14: 바이슨 | C14: =SUMIFS('구매 입고 현황'!$U$4:$U$189,'구매 입고 현황'!$E$4:$E$189,$B14,'구매 입고 현황'!$H$4:$H$189,C$2) -> 0 | D14: =SUMIFS('구매 입고 현황'!$U$4:$U$189,'구매 입고 현황'!$E$4:$E$189,$B14,'구매 입고 현황'!$H$4:$H$189,D$2) -> 0 | E14: =SUMIFS('구매 입고 현황'!$U$4:$U$189,'구매 입고 현황'!$E$4:$E$189,$B14,'구매 입고 현황'!$H$4:$H$189,E$2) -> 0 | F14: =SUMIFS('구매 입고 현황'!$U$4:$U$189,'구매 입고 현황'!$E$4:$E$189,$B14,'구매 입고 현황'!$H$4:$H$189,F$2) -> 0 | G14: =SUMIFS('구매 입고 현황'!$U$4:$U$189,'구매 입고 현황'!$E$4:$E$189,$B14,'구매 입고 현황'!$H$4:$H$189,G$2) -> 0 | H14: =SUMIFS('구매 입고 현황'!$U$4:$U$189,'구매 입고 현황'!$E$4:$E$189,$B14,'구매 입고 현황'!$H$4:$H$189,H$2) -> 0 | I14: =SUMIFS('구매 입고 현황'!$U$4:$U$189,'구매 입고 현황'!$E$4:$E$189,$B14,'구매 입고 현황'!$H$4:$H$189,I$2) -> 0 | J14: =SUMIFS('구매 입고 현황'!$U$4:$U$189,'구매 입고 현황'!$E$4:$E$189,$B14,'구매 입고 현황'!$H$4:$H$189,J$2) -> 0 | ... T14: =SUMIFS('구매 입고 현황'!$U$4:$U$189,'구매 입고 현황'!$E$4:$E$189,$B14,'구매 입고 현황'!$H$4:$H$189,T$2) -> 5544000 | U14: =SUM(C14:T14) -> 5544000 | V14: =U14/$U$46 -> 0.0080055194 | W14: 12 | X14: 바이슨 | Y14: =SUMIFS('구매 입고 현황'!$U$4:$U$189,'구매 입고 현황'!$E$4:$E$189,$X14,'구매 입고 현황'!$L$4:$L$189,Y$2) -> 0 | Z14: =SUMIFS('구매 입고 현황'!$U$4:$U$189,'구매 입고 현황'!$E$4:$E$189,$X14,'구매 입고 현황'!$L$4:$L$189,Z$2) -> 0 | AA14: =SUMIFS('구매 입고 현황'!$U$4:$U$189,'구매 입고 현황'!$E$4:$E$189,$X14,'구매 입고 현황'!$L$4:$L$189,AA$2) -> 0 | AB14: =SUMIFS('구매 입고 현황'!$U$4:$U$189,'구매 입고 현황'!$E$4:$E$189,$X14,'구매 입고 현황'!$L$4:$L$189,AB$2) -> 0 | AC14: =SUMIFS('구매 입고 현황'!$U$4:$U$189,'구매 입고 현황'!$E$4:$E$189,$X14,'구매 입고 현황'!$L$4:$L$189,AC$2) -> 0 | AD14: =SUMIFS('구매 입고 현황'!$U$4:$U$189,'구매 입고 현황'!$E$4:$E$189,$X14,'구매 입고 현황'!$L$4:$L$189,AD$2) -> 5544000 | AE14: =SUM(Y14:AD14) -> 5544000 | AF14: =AE14/$AE$46 -> 0.0079685488
... A45: 43 | B45: 화인테크폴리머 | C45: =SUMIFS('구매 입고 현황'!$U$4:$U$189,'구매 입고 현황'!$E$4:$E$189,$B45,'구매 입고 현황'!$H$4:$H$189,C$2) -> 0 | D45: =SUMIFS('구매 입고 현황'!$U$4:$U$189,'구매 입고 현황'!$E$4:$E$189,$B45,'구매 입고 현황'!$H$4:$H$189,D$2) -> 0 | E45: =SUMIFS('구매 입고 현황'!$U$4:$U$189,'구매 입고 현황'!$E$4:$E$189,$B45,'구매 입고 현황'!$H$4:$H$189,E$2) -> 270000 | F45: =SUMIFS('구매 입고 현황'!$U$4:$U$189,'구매 입고 현황'!$E$4:$E$189,$B45,'구매 입고 현황'!$H$4:$H$189,F$2) -> 0 | G45: =SUMIFS('구매 입고 현황'!$U$4:$U$189,'구매 입고 현황'!$E$4:$E$189,$B45,'구매 입고 현황'!$H$4:$H$189,G$2) -> 0 | H45: =SUMIFS('구매 입고 현황'!$U$4:$U$189,'구매 입고 현황'!$E$4:$E$189,$B45,'구매 입고 현황'!$H$4:$H$189,H$2) -> 0 | I45: =SUMIFS('구매 입고 현황'!$U$4:$U$189,'구매 입고 현황'!$E$4:$E$189,$B45,'구매 입고 현황'!$H$4:$H$189,I$2) -> 0 | J45: =SUMIFS('구매 입고 현황'!$U$4:$U$189,'구매 입고 현황'!$E$4:$E$189,$B45,'구매 입고 현황'!$H$4:$H$189,J$2) -> 0 | ... T45: =SUMIFS('구매 입고 현황'!$U$4:$U$189,'구매 입고 현황'!$E$4:$E$189,$B45,'구매 입고 현황'!$H$4:$H$189,T$2) -> 1825000 | U45: =SUM(C45:T45) -> 2095000 | V45: =U45/$U$46 -> 0.0030251737 | W45: 43 | X45: 화인테크폴리머 | Y45: =SUMIFS('구매 입고 현황'!$U$4:$U$189,'구매 입고 현황'!$E$4:$E$189,$X45,'구매 입고 현황'!$L$4:$L$189,Y$2) -> 0 | Z45: =SUMIFS('구매 입고 현황'!$U$4:$U$189,'구매 입고 현황'!$E$4:$E$189,$X45,'구매 입고 현황'!$L$4:$L$189,Z$2) -> 0 | AA45: =SUMIFS('구매 입고 현황'!$U$4:$U$189,'구매 입고 현황'!$E$4:$E$189,$X45,'구매 입고 현황'!$L$4:$L$189,AA$2) -> 0 | AB45: =SUMIFS('구매 입고 현황'!$U$4:$U$189,'구매 입고 현황'!$E$4:$E$189,$X45,'구매 입고 현황'!$L$4:$L$189,AB$2) -> 0 | AC45: =SUMIFS('구매 입고 현황'!$U$4:$U$189,'구매 입고 현황'!$E$4:$E$189,$X45,'구매 입고 현황'!$L$4:$L$189,AC$2) -> 0 | AD45: =SUMIFS('구매 입고 현황'!$U$4:$U$189,'구매 입고 현황'!$E$4:$E$189,$X45,'구매 입고 현황'!$L$4:$L$189,AD$2) -> 2095000 | AE45: =SUM(Y45:AD45) -> 2095000 | AF45: =AE45/$AE$46 -> 0.003011203
B46: 매입 합계 | C46: =SUM(C3:C45) -> 97578370 | D46: =SUM(D3:D45) -> 0 | E46: =SUM(E3:E45) -> 192964710 | F46: =SUM(F3:F45) -> 90329985 | G46: =SUM(G3:G45) -> 2.0141316e+08 | H46: =SUM(H3:H45) -> 48432790 | I46: =SUM(I3:I45) -> 7446000 | J46: =SUM(J3:J45) -> 0 | ... V46: =SUM(V3:V45) -> 1 | X46: 매입 합계 | Y46: =SUM(Y3:Y45) -> 3213000 | Z46: =SUM(Z3:Z45) -> 880000 | AA46: =SUM(AA3:AA45) -> 0 | AB46: =SUM(AB3:AB45) -> 0 | AC46: =SUM(AC3:AC45) -> 0 | AD46: =SUM(AD3:AD45) -> 6.9164222e+08 | AE46: =SUM(AE3:AE45) -> 6.9573522e+08 | AF46: =SUM(AF3:AF45) -> 1
P48: 인터모빌리티 | R48: 인터모빌리티 | S48: 동화FA
B49: 수주 금액 (원) | C49: 423083700 | D49: 3942000 | E49: 350710750 | F49: 197810000 | G49: 351015169 | H49: 161717800 | I49: 270000000 | J49: 140000000 | K49: 2350000 | L49: 1300000 | M49: =M50*M51 -> 11087755 | N49: =N50*N51 -> 0 | O49: =O50*O51 -> 0 | P49: =36585000 -> 36585000 | R49: =26161000 -> 26161000 | S49: 50000000 | T49: =T46 -> 9049000 | U49: =SUM(C49:T49) -> 2.0348122e+09
B50: 수주 금액 (달러) | M50: 7573.5
B51: 적용 환율 (원) | M51: 1464.02
B52: (수주-매입) 이익 (원) | C52: =C49-C46 -> 325505330 | D52: =D49-D46 -> 3942000 | E52: =E49-E46 -> 157746040 | F52: =F49-F46 -> 1.0748001e+08 | G52: =G49-G46 -> 1.4960201e+08 | H52: =H49-H46 -> 113285010 | I52: =I49-I46 -> 262554000 | J52: =J49-J46 -> 140000000 | ... T52: =T49-T46 -> 0 | U52: =SUM(C52:T52) -> 1.34229e+09
B53: 이익율 (%) | C53: =C52/C49 -> 0.76936391 | D53: =D52/D49 -> 1 | E53: =E52/E49 -> 0.44978958 | F53: =F52/F49 -> 0.54334975 | G53: =G52/G49 -> 0.42619813 | H53: =H52/H49 -> 0.70051046 | I53: =I52/I49 -> 0.97242222 | J53: =J52/J49 -> 1 | ... U53: =U52/U49 -> 0.65966283
B55: 1. 구매 입고 현황 자료 작성시 표 내용 자동 업데이트 | X55: 1. 구매 입고 현황 자료 작성시 표 내용 자동 업데이트
B56: 2. 신규 업체 추가시 수동으로 목록 추가 | X56: 2. 신규 업체 추가시 수동으로 목록 추가
B57: 3. PO추가시 수동으로 목록 추가

Sheet 구매 입고 현황
A1: 비업시스 구매 입고 현황
K2: 45930 | M2: =SUBTOTAL(9,M4:M189) -> 6199 | O2: =SUBTOTAL(9,O4:O189) -> 656513351 | U2: =SUBTOTAL(9,U4:U189) -> 6.9573522e+08 | AB2: =SUBTOTAL(9,AB4:AB189) -> 6.9573522e+08 | AC2: =SUBTOTAL(9,AC4:AC189) -> 64359922 | AD2: =SUBTOTAL(9,AD4:AD189) -> 7.6009514e+08
A3: 순번 | B3: 구분 | C3: 계정과목 | D3: 발주 일자 (서명일 기준) | E3: 공급업체 | F3: 물품공급요청서 계약번호 | G3: 고객사 | H3: 고객사 PO번호 (계약번호) | I3: 프로젝트 (차량) | J3: 제 목 | K3: 품 목 | L3: 현 황 | M3: 발주 수량 | N3: 발주 단가 | O3: 발주 금액 | P3: 금액 단위 | Q3: 예상 납기일 | R3: 납기 | S3: 거래명세서 수취 여부 | T3: 입고 일자 (계약 종료일) | U3: 입고 금액 (원) | V3: 환율 | W3: 결제 조건 | X3: 결제 요청일 | Y3: 세금계산서 발행일 | Z3: 결제 완료일 | AA3: 부가세 및 공제 (%) | AB3: 결제 금액 (원) | AC3: 부가세 및 공제 (원) | AD3: 결제 총 금액 (원) | AE3: 비고 | AF3: 자료 서버 경로
A4: 1 | B4: 프리랜서 | C4: 인건비 | D4: 45392 | E4: 이동진 | F4: 제BEUP KNK24-0410-1호 | G4: 지아이씨 | H4: GIC CSP24-0524-2호 | I4: 홍콩MTR 333량 | J4: 방송장치 하드웨어 및 문서 | K4: 하드웨어 구매 및 테스트절차정리 | L4: 결제완료 | M4: 1 | O4: 5000000 | P4: 원 | Q4: 45657 | T4: 45644 | U4: =O4*V4 -> 5000000 | V4: 1 | W4: 구매등완료후 | Y4: - | Z4: 45657 | AA4: -0.033 | AB4: =U4 -> 5000000 | AC4: =AB4*AA4 -> -165000 | AD4: =SUM(AB4:AC4) -> 4835000 | AE4: 사업소득세 3.3% 공제 | AF4: 1_BEUPSYS\5-1_업체구매요청서\1_부품구매요청서및계약서\프리렌서계약_이동진\GIC CSP24-0524-2호_PSR-Hub외9종생산
A5: 2 | B5: 구매 | C5: 원자재 | D5: 45413 | E5: 일렉콤티에스 | F5: BEUPIDOM-20240501 | G5: 지아이씨 | H5: GIC CSP24-0409-1호 | I5: 홍콩MTR 333량 | J5: 홍콩 생산1차분 83종 자재 | K5: 홍콩 생산1차분 83종 자재 선금 (30%) | L5: 결제완료 | M5: 1 | O5: 6874012.7 | P5: 원 | T5: 45428 | U5: =O5*V5 -> 6874012.7 | V5: 1 | W5: 선금 30% | Z5: 45428 | AA5: 0.1 | AB5: =U5 -> 6874012.7 | AC5: =AB5*AA5 -> 687401.27 | AD5: =SUM(AB5:AC5) -> 7561414 | AE5: 네이버 게시판 자료
A6: 3 | B6: 구매 | C6: 원자재 | D6: 45413 | E6: 일렉콤티에스 | F6: BEUPIDOM-20240501 | G6: 지아이씨 | H6: GIC CSP24-0409-1호 | I6: 홍콩MTR 333량 | J6: 홍콩 생산1차분 83종 자재 | K6: 홍콩 생산1차분 83종 자재 납품 (70%) | L6: 결제완료 | M6: 1 | O6: 16039357 | P6: 원 | T6: 45436 | U6: =O6*V6 -> 16039357 | V6: 1 | W6: 잔금 70% | Z6: 45436 | AA6: 0.1 | AB6: =U6 -> 16039357 | AC6: =AB6*AA6 -> 1603935.7 | AD6: =SUM(AB6:AC6) -> 17643293 | AE6: 네이버 게시판 자료
A7: 4 | B7: 구매 | C7: 원자재 | D7: 45414 | E7: 앤츠 | F7: BEUPIDOM-20240502 | G7: 지아이씨 | H7: GIC CSP24-0409-1호 | I7: 홍콩MTR 333량 | J7: LEDC BOARD 외 | K7: LEDC BOARD 외 선금 (30%) | L7: 결제완료 | M7: 1 | O7: 18780000 | P7: 원 | T7: 45429 | U7: =O7*V7 -> 18780000 | V7: 1 | W7: 선금 30% | Z7: 45431 | AA7: 0.1 | AB7: =U7 -> 18780000 | AC7: =AB7*AA7 -> 1878000 | AD7: =SUM(AB7:AC7) -> 20658000 | AE7: 네이버 게시판 자료
A8: 5 | B8: 구매 | C8: 원자재 | D8: 45414 | E8: 앤츠 | F8: BEUPIDOM-20240502 | G8: 지아이씨 | H8: GIC CSP24-0409-1호 | I8: 홍콩MTR 333량 | J8: LEDC BOARD 외 | K8: LEDC BOARD 외 납품 (70%) | L8: 결제완료 | M8: 1 | O8: 43820000 | P8: 원 | T8: 45505 | U8: =O8*V8 -> 43820000 | V8: 1 | W8: 잔금 70% | Z8: 45506 | AA8: 0.1 | AB8: =U8 -> 43820000 | AC8: =AB8*AA8 -> 4382000 | AD8: =SUM(AB8:AC8) -> 48202000 | AE8: 네이버 게시판 자료
A9: 6 | B9: 구매 | C9: 임가공 | D9: 45415 | E9: 메카전자 | F9: BEUPIDOM-20240503 | G9: 지아이씨 | H9: GIC CSP24-0409-1호 | I9: 홍콩MTR 333량 | J9: MRX REV1.2 생산 외 | K9: MRX REV1.2 생산 외 선금 (30%) | L9: 결제완료 | M9: 1 | O9: 2112000 | P9: 원 | T9: 45431 | U9: =O9*V9 -> 2112000 | V9: 1 | W9: 선금 30% | Z9: 45431 | AA9: 0.1 | AB9: =U9 -> 2112000 | AC9: =AB9*AA9 -> 211200 | AD9: =SUM(AB9:AC9) -> 2323200 | AE9: 네이버 게시판 자료
A10: 7 | B10: 구매 | C10: 임가공 | D10: 45415 | E10: 메카전자 | F10: BEUPIDOM-20240503 | G10: 지아이씨 | H10: GIC CSP24-0409-1호 | I10: 홍콩MTR 333량 | J10: MRX REV1.2 생산 외 | K10: MRX REV1.2 생산 외 납품 (70%) | L10: 결제완료 | M10: 1 | O10: 4928000 | P10: 원 | T10: 45456 | U10: =O10*V10 -> 4928000 | V10: 1 | W10: 잔금 70% | Z10: 45457 | AA10: 0.1 | AB10: =U10 -> 4928000 | AC10: =AB10*AA10 -> 492800 | AD10: =SUM(AB10:AC10) -> 5420800 | AE10: 네이버 게시판 자료
A11: 8 | B11: 구매 | C11: 원자재 | D11: 45432 | E11: 에쎈 | F11: BEUPIDOM-20240504 | G11: 지아이씨 | H11: GIC CSP24-0409-1호 | I11: 홍콩MTR 333량 | J11: EIDS LCD 강화유리 | K11: 27인치 3T AG 강화유리 | L11: 결제완료 | M11: 50 | N11: 45500 | O11: =M11*N11 -> 2275000 | P11: 원 | U11: =O11*V11 -> 2275000 | V11: 1 | Z11: 45440 | AA11: 0.1 | AB11: =U11 -> 2275000 | AC11: =AB11*AA11 -> 227500 | AD11: =SUM(AB11:AC11) -> 2502500 | AE11: 네이버 게시판 자료
A12: 9 | B12: 구매 | C12: 원자재 | D12: 45435 | E12: 파츠맨 | F12: BEUPIDOM-20240505 | G12: 지아이씨 | H12: GIC CSP24-0524-1호 | I12: 홍콩MTR 333량 | J12: 홍콩 방송장치 11종 보드 부품 | K12: 홍콩 방송장치 11종 보드 부품 선금 (38%) | L12: 결제완료 | M12: 1 | O12: 16197119 | P12: 원 | T12: 45440 | U12: =O12*V12 -> 16197119 | V12: 1 | W12: 선금 약 38% | Z12: 45440 | AA12: 0.1 | AB12: =U12 -> 16197119 | AC12: =AB12*AA12 -> 1619711.9 | AD12: =SUM(AB12:AC12) -> 17816831 | AE12: 네이버 게시판 자료
A13: 10 | B13: 구매 | C13: 원자재 | D13: 45435 | E13: 파츠맨 | F13: BEUPIDOM-20240505 | G13: 지아이씨 | H13: GIC CSP24-0524-1호 | I13: 홍콩MTR 333량 | J13: 홍콩 방송장치 11종 보드 부품 | K13: 홍콩 방송장치 11종 보드 부품 납품 (62%) | L13: 결제완료 | M13: 1 | O13: 26496461 | P13: 원 | T13: 45497 | U13: =O13*V13 -> 26496461 | V13: 1 | W13: 잔금 약 62% | Z13: 45497 | AA13: 0.1 | AB13: =U13 -> 26496461 | AC13: =AB13*AA13 -> 2649646.1 | AD13: =SUM(AB13:AC13) -> 29146107 | AE13: 네이버 게시판 자료
A14: 11 | B14: 구매 | C14: 원자재 | D14: 45435 | E14: 태신전자 | F14: BEUPIDOM-20240506 | G14: 지아이씨 | H14: GIC CSP24-0524-1호 | I14: 홍콩MTR 333량 | J14: 홍콩 방송장치 11종 PCB | K14: 홍콩 방송장치 11종 PCB 선금 (30%) | L14: 결제완료 | M14: 1 | O14: =6213300*0.3 -> 1863990 | P14: 원 | T14: 45436 | U14: =O14*V14 -> 1863990 | V14: 1 | W14: 선금 30% | Z14: 45436 | AA14: 0.1 | AB14: =U14 -> 1863990 | AC14: =AB14*AA14 -> 186399 | AD14: =SUM(AB14:AC14) -> 2050389 | AE14: 네이버 게시판 자료
A15: 12 | B15: 구매 | C15: 원자재 | D15: 45435 | E15: 태신전자 | F15: BEUPIDOM-20240506 | G15: 지아이씨 | H15: GIC CSP24-0524-1호 | I15: 홍콩MTR 333량 | J15: 홍콩 방송장치 11종 PCB | K15: 홍콩 방송장치 11종 PCB 납품 (70%) | L15: 결제완료 | M15: 1 | O15: =6213300*0.7 -> 4349310 | P15: 원 | T15: 45462 | U15: =O15*V15 -> 4349310 | V15: 1 | W15: 잔금 70% | Z15: 45462 | AA15: 0.1 | AB15: =U15 -> 4349310 | AC15: =AB15*AA15 -> 434931 | AD15: =SUM(AB15:AC15) -> 4784241 | AE15: 네이버 게시판 자료
A16: 13 | B16: 구매 | C16: 원자재 | D16: 45453 | E16: 한톨브릿지 | F16: BEUPIDOM-20240601 | G16: 지아이씨 | H16: GIC CSP24-0524-2호 | I16: 홍콩MTR 333량 | J16: AC494 TOOL 및 자재 | K16: AC494-IPP-SUK 외 | L16: 결제완료 | M16: 1 | O16: 24200 | P16: $ | R16: 발주후 4주내 | U16: =O16*V16 -> 30474085 | V16: 1259.2597 | W16: 선금 100% | AA16: 0.1 | AB16: =U16 -> 30474085 | AC16: =AB16*AA16 -> 3047408.5 | AD16: =SUM(AB16:AC16) -> 33521494 | AE16: 네이버 게시판 자료, 환율(1259.25973), AUDIOCODES 지급
A17: 14 | B17: 구매 | C17: 원자재 | D17: 45453 | E17: 이엔엠테크놀러지 | F17: BEUPIDOM-20240602 | G17: 지아이씨 | H17: GIC CSP24-0923-1호 | I17: 홍콩MTR 333량 | J17: congatec BOARD | K17: TC570/i3-1115GRE 외 | L17: 결제완료 | M17: 1 | O17: 2409000 | P17: 원 | T17: 45462 | U17: =O17*V17 -> 2409000 | V17: 1 | Z17: 45462 | AA17: 0.1 | AB17: =U17 -> 2409000 | AC17: =AB17*AA17 -> 240900 | AD17: =SUM(AB17:AC17) -> 2649900 | AE17: 네이버 게시판 자료
A18: 15 | B18: 외주 | C18: 개발 | D18: 45458 | E18: 드림온테크 유한회사 | F18: 제BEUP KNK24-0615-1호 | G18: 지아이씨 | H18: GIC CSP24-0524-1호 | I18: 홍콩MTR 333량 | J18: NVR/CTM H/W개발 계약 | K18: NVR/CTM H/W개발 계약 선금 (40%) | L18: 결제완료 | M18: 1 | O18: 32000000 | P18: 원 | S18: O | T18: 45469 | U18: =O18*V18 -> 32000000 | V18: 1 | W18: 선금 40% | Z18: 45470 | AA18: 0.1 | AB18: =U18 -> 32000000 | AC18: =AB18*AA18 -> 3200000 | AD18: =SUM(AB18:AC18) -> 35200000 | AF18: 1_BEUPSYS\5-1_업체구매요청서\1_부품구매요청서및계약서\드림온테크 유한회사\240524_GIC CSP24-0524-1호_MOP외2종생산
A19: 16 | B19: 외주 | C19: 개발 | D19: 45458 | E19: 드림온테크 유한회사 | F19: 제BEUP KNK24-0615-1호 | G19: 지아이씨 | H19: GIC CSP24-0524-1호 | I19: 홍콩MTR 333량 | J19: NVR/CTM H/W개발 계약 | K19: NVR/CTM H/W개발 계약 1차 (30%) | L19: 결제완료 | M19: 1 | O19: 24000000 | P19: 원 | S19: O | T19: 45622 | U19: =O19*V19 -> 24000000 | V19: 1 | W19: 중도금(중간결과물 NVR 3대 전달) 30% | Y19: 45622 | Z19: 45625 | AA19: 0.1 | AB19: =U19 -> 24000000 | AC19: =AB19*AA19 -> 2400000 | AD19: =SUM(AB19:AC19) -> 26400000 | AF19: 1_BEUPSYS\5-1_업체구매요청서\1_부품구매요청서및계약서\드림온테크 유한회사\240524_GIC CSP24-0524-1호_MOP외2종생산
A20: 17 | B20: 외주 | C20: 개발 | D20: 45458 | E20: 드림온테크 유한회사 | F20: 제BEUP KNK24-0615-1호 | G20: 지아이씨 | H20: GIC CSP24-0524-1호 | I20: 홍콩MTR 333량 | J20: NVR/CTM H/W개발 계약 | K20: NVR/CTM H/W개발 계약 2차 (30%) | L20: 결제완료 | M20: 1 | O20: 24000000 | P20: 원 | S20: O | T20: 45681 | U20: =O20*V20 -> 24000000 | V20: 1 | W20: 잔금 30% | X20: 45693 | Z20: 45694 | AA20: 0.1 | AB20: =U20 -> 24000000 | AC20: =AB20*AA20 -> 2400000 | AD20: =SUM(AB20:AC20) -> 26400000 | AF20: 1_BEUPSYS\5-1_업체구매요청서\1_부품구매요청서및계약서\드림온테크 유한회사\240524_GIC CSP24-0524-1호_MOP외2종생산
A21: 18 | B21: 구매 | C21: 원자재 | D21: 45474 | E21: 이젠티에스 | F21: BEUPIDOM-20240701 | G21: 지아이씨 | H21: GIC CSP24-0923-1호 | I21: 홍콩MTR 333량 | J21: TSC-50/IC | K21: TSC-50/IC | L21: 결제완료 | M21: 70 | N21: 6000 | O21: =M21*N21 -> 420000 | P21: 원 | U21: =O21*V21 -> 420000 | V21: 1 | Z21: 45474 | AA21: 0.1 | AB21: =U21 -> 420000 | AC21: =AB21*AA21 -> 42000 | AD21: =SUM(AB21:AC21) -> 462000 | AE21: 네이버 게시판 자료
A22: 19 | B22: 구매 | C22: 원자재 | D22: 45475 | E22: 파이오닉스 | F22: BEUPIDOM-20240702 | G22: 지아이씨 | H22: GIC CSP24-0913-1호 | I22: 홍콩MTR 333량 | J22: CH7517A-BF1 | K22: CH7517A-BF1 | L22: 결제완료 | M22: 140 | N22: 4.9 | O22: =M22*N22 -> 686 | P22: $ | U22: =O22*V22 -> 941260.6 | V22: 1372.1 | AA22: 0.1 | AB22: =U22 -> 941260.6 | AC22: =AB22*AA22 -> 94126.06 | AD22: =SUM(AB22:AC22) -> 1035386.7 | AE22: 네이버 게시판 자료
A23: 20 | B23: 구매 | C23: 기타 | D23: 45475 | E23: 파이오닉스 | F23: - | G23: 지아이씨 | H23: GIC CSP24-0913-1호 | I23: 홍콩MTR 333량 | J23: Production H/C | K23: Production H/C | L23: 결제완료 | M23: 1 | N23: 150 | O23: =M23*N23 -> 150 | P23: $ | U23: =O23*V23 -> 205815 | V23: 1372.1 | AA23: 0.1 | AB23: =U23 -> 205815 | AC23: =AB23*AA23 -> 20581.5 | AD23: =SUM(AB23:AC23) -> 226396.5 | AE23: 네이버 게시판 자료
A24: 21 | B24: 구매 | C24: 기타 | D24: 45475 | E24: 파이오닉스 | F24: - | G24: 지아이씨 | H24: GIC CSP24-0913-1호 | I24: 홍콩MTR 333량 | J24: 운송비 | K24: 운송비 | L24: 결제완료 | M24: 1 | N24: 124980 | O24: =M24*N24 -> 124980 | P24: 원 | U24: =O24*V24 -> 124980 | V24: 1 | AA24: 0.1 | AB24: =U24 -> 124980 | AC24: =AB24*AA24 -> 12498 | AD24: =SUM(AB24:AC24) -> 137478 | AE24: 네이버 게시판 자료
A25: 22 | B25: 구매 | C25: 원자재 | D25: 45476 | E25: 티렉스아이앤씨 | F25: BEUPIDOM-20240703 | G25: 지아이씨 | H25: GIC CSP24-0923-1호 | I25: 홍콩MTR 333량 | J25: LVDS Cable 외 | K25: LVDS Cable 외 | L25: 결제완료 | M25: 1 | O25: 1680000 | P25: 원 | U25: =O25*V25 -> 1680000 | V25: 1 | AA25: 0.1 | AB25: =U25 -> 1680000 | AC25: =AB25*AA25 -> 168000 | AD25: =SUM(AB25:AC25) -> 1848000 | AE25: 네이버 게시판 자료
A26: 23 | B26: 구매 | C26: 원자재 | D26: 45477 | E26: 이엔엠테크놀러지 | F26: BEUPIDOM-20240704 | G26: 지아이씨 | H26: GIC CSP24-0923-1호 | I26: 홍콩MTR 333량 | J26: congatec BOARD | K26: TC170/i7-6600U 외 | L26: 결제완료 | M26: 1 | O26: 1626700 | P26: 원 | U26: =O26*V26 -> 1626700 | V26: 1 | Z26: 45471 | AA26: 0.1 | AB26: =U26 -> 1626700 | AC26: =AB26*AA26 -> 162670 | AD26: =SUM(AB26:AC26) -> 1789370 | AE26: 네이버 게시판 자료
A27: 24 | B27: 구매 | C27: 원자재 | D27: 45495 | E27: 유니퀘스트 | F27: 제BEUP JDS24-0722-1호 | G27: 지아이씨 | H27: GIC CSP24-0524-1호 | I27: 홍콩MTR 333량 | J27: SSD 64GB BGA TLC SATA | K27: SM619GECDFSTCX59C | L27: 결제완료 | M27: 180 | N27: 27.5 | O27: =M27*N27 -> 4950 | P27: $ | Q27: 45635 | R27: 발주 후 20주내 | T27: 확인불가 | U27: =O27*V27 -> 6637950 | V27: 1341 | W27: 입금 후 1주일 내 물품발송 환율은 납품 시 고시가로 | Z27: 45545 | AA27: 0.1 | AB27: =U27 -> 6637950 | AC27: =AB27*AA27 -> 663795 | AD27: =SUM(AB27:AC27) -> 7301745 | AE27: 네이버 게시판 자료, $4,950 | AF27: 1_BEUPSYS\5-1_업체구매요청서\1_부품구매요청서및계약서\유니퀘스트㈜\240524_GIC CSP24-0524-1호_MOP외2종생산
A28: 25 | B28: 구매 | C28: 원자재 | D28: 45488 | E28: 화인테크폴리머 | F28: - | G28: - | H28: 없음 | I28: 홍콩MTR 333량 | J28: 실리콘 시트 | K28: 난연 SILICONE 백색 (도번: R1D013805) | L28: 결제완료 | M28: 1 | N28: 800000 | O28: =M28*N28 -> 800000 | P28: 원 | U28: =O28*V28 -> 800000 | V28: 1 | AA28: 0.1 | AB28: =U28 -> 800000 | AC28: =AB28*AA28 -> 80000 | AD28: =SUM(AB28:AC28) -> 880000 | AE28: 누락
A29: 26 | B29: 구매 | C29: 원자재 | D29: 45488 | E29: 화인테크폴리머 | F29: - | G29: - | H29: 없음 | I29: 홍콩MTR 333량 | J29: EPDM SEALING FOAM | K29: EPDM SEALING FOAM 1T*5*614 | L29: 결제완료 | M29: 100 | N29: 950 | O29: =M29*N29 -> 95000 | P29: 원 | U29: =O29*V29 -> 95000 | V29: 1 | AA29: 0.1 | AB29: =U29 -> 95000 | AC29: =AB29*AA29 -> 9500 | AD29: =SUM(AB29:AC29) -> 104500 | AE29: 누락
A30: 27 | B30: 구매 | C30: 원자재 | D30: 45488 | E30: 화인테크폴리머 | F30: - | G30: - | H30: 없음 | I30: 홍콩MTR 333량 | J30: EPDM SEALING FOAM | K30: EPDM SEALING FOAM 1T*5*342 | L30: 결제완료 | M30: 100 | N30: 550 | O30: =M30*N30 -> 55000 | P30: 원 | U30: =O30*V30 -> 55000 | V30: 1 | AA30: 0.1 | AB30: =U30 -> 55000 | AC30: =AB30*AA30 -> 5500 | AD30: =SUM(AB30:AC30) -> 60500 | AE30: 누락
A31: 28 | B31: 구매 | C31: 원자재 | D31: 45488 | E31: 화인테크폴리머 | F31: - | G31: - | H31: 없음 | I31: 홍콩MTR 333량 | J31: SPK GASKET | K31: SPEAKER EPDM GASKET 6T*41*71 | L31: 결제완료 | M31: 50 | N31: 1500 | O31: =M31*N31 -> 75000 | P31: 원 | U31: =O31*V31 -> 75000 | V31: 1 | AA31: 0.1 | AB31: =U31 -> 75000 | AC31: =AB31*AA31 -> 7500 | AD31: =SUM(AB31:AC31) -> 82500 | AE31: 누락
A32: 29 | B32: 구매 | C32: 원자재 | D32: 45488 | E32: 화인테크폴리머 | F32: - | G32: - | H32: 없음 | I32: 홍콩MTR 333량 | J32: 금형 | K32: 금형 | L32: 결제완료 | M32: 1 | N32: 800000 | O32: =M32*N32 -> 800000 | P32: 원 | U32: =O32*V32 -> 800000 | V32: 1 | AA32: 0.1 | AB32: =U32 -> 800000 | AC32: =AB32*AA32 -> 80000 | AD32: =SUM(AB32:AC32) -> 880000 | AE32: 누락
A33: 30 | B33: 구매 | C33: 원자재 | D33: 45496 | E33: 이송이엠씨 | F33: - | G33: - | H33: 없음 | I33: 홍콩MTR 333량 | J33: 도전성 원단 (먼지필터) | K33: SM-W18B (1000mm*100M/RL) | L33: 결제완료 | M33: 1 | N33: 1500000 | O33: =M33*N33 -> 1500000 | P33: 원 | U33: =O33*V33 -> 1500000 | V33: 1 | W33: 첫거래 선금 | AA33: 0.1 | AB33: =U33 -> 1500000 | AC33: =AB33*AA33 -> 150000 | AD33: =SUM(AB33:AC33) -> 1650000 | AE33: 누락
A34: 31 | B34: 구매 | C34: 원자재 | D34: 45496 | E34: 이송이엠씨 | F34: - | G34: - | H34: 없음 | I34: 홍콩MTR 333량 | J34: 폼가스켓 | K34: SF050020R-C-NB-A (W5*T2*L1000mm) | L34: 결제완료 | M34: 100 | N34: 1800 | O34: =M34*N34 -> 180000 | P34: 원 | U34: =O34*V34 -> 180000 | V34: 1 | W34: 첫거래 선금 | AA34: 0.1 | AB34: =U34 -> 180000 | AC34: =AB34*AA34 -> 18000 | AD34: =SUM(AB34:AC34) -> 198000 | AE34: 누락
A35: 32 | B35: 구매 | C35: 장비 | D35: 45525 | E35: 아이닉스 | F35: 제BEUP JDS24-0821-1호 | G35: 지아이씨 | H35: GIC CSP24-0524-2호 | I35: 홍콩MTR 333량 | J35: Coding 공구 | K35: Coding Pliers 894-301 | L35: 결제완료 | M35: 1 | O35: 788000 | P35: 원 | Q35: 45553 | R35: 발주 후 4주내 | S35: O | T35: 45539 | U35: =O35*V35 -> 788000 | V35: 1 | W35: 납품 후 지급 | Y35: 45539 | Z35: 45569 | AA35: 0.1 | AB35: =U35 -> 788000 | AC35: =AB35*AA35 -> 78800 | AD35: =SUM(AB35:AC35) -> 866800 | AF35: 1_BEUPSYS\5-1_업체구매요청서\1_부품구매요청서및계약서\아이닉스\GIC CSP24-0524-2호_PSR-Hub외9종생산
A36: 33 | B36: 구매 | C36: 원자재 | D36: 45532 | E36: 파츠맨 | F36: 제BEUP JDS24-0828-2호 | G36: 지아이씨 | H36: GIC CSP24-0524-2호 | I36: 홍콩MTR 333량 | J36: 2024년 8월 부자재류 | K36: 2024년 8월 부자재류 | L36: 결제완료 | M36: 1 | O36: 982500 | P36: 원 | Q36: 45542 | R36: 발주 후 10일 | S36: O | T36: 45532 | U36: =O36*V36 -> 982500 | V36: 1 | W36: 물품납기시 | Y36: 45532 | Z36: 45545 | AA36: 0.1 | AB36: =U36 -> 982500 | AC36: =AB36*AA36 -> 98250 | AD36: =SUM(AB36:AC36) -> 1080750 | AF36: 1_BEUPSYS\5-1_업체구매요청서\1_부품구매요청서및계약서\파츠맨\GIC CSP24-0524-2호_PSR-Hub외9종생산\8월자재진행
A37: 34 | B37: 구매 | C37: 임가공 | D37: 45541 | E37: 아이리코 | F37: 제BEUP JDS24-0828-1호 | G37: 지아이씨 | H37: GIC CSP24-0524-2호 | I37: 홍콩MTR 333량 | J37: PCB 코팅 | K37: HK향 PCB코팅 10종 | L37: 결제완료 | M37: 1 | O37: 8274400 | P37: 원 | Q37: 45681 | R37: 발주 후 20주내 | S37: O | T37: 45534 | U37: =O37*V37 -> 8274400 | V37: 1 | W37: 제작완료시 지급 | Y37: 45535 | Z37: 45545 | AA37: 0.1 | AB37: =U37 -> 8274400 | AC37: =AB37*AA37 -> 827440 | AD37: =SUM(AB37:AC37) -> 9101840 | AF37: 1_BEUPSYS\5-1_업체구매요청서\1_부품구매요청서및계약서\아이리코(I RICCO)\241016_GIC CSP24-0524-2호_PSR-Hub외9종생산\Board 코팅
A38: 35 | B38: 구매 | C38: 임가공 | D38: 45544 | E38: 일성 | F38: 제BEUP JDS24-0522-1호 | G38: 지아이씨 | H38: GIC CSP24-0524-2호 | I38: 홍콩MTR 333량 | J38: 홍콩 PBA 11종 조립 | K38: 홍콩 PBA 11종 조립 선금 (30%) | L38: 결제완료 | M38: 1 | O38: 9015600 | P38: 원 | Q38: 45684 | R38: 발주 후 20주내 | S38: O | T38: 45427 | U38: =O38*V38 -> 9015600 | V38: 1 | W38: 선금 30% | Y38: - | Z38: 45440 | AA38: 0.1 | AB38: =U38 -> 9015600 | AC38: =AB38*AA38 -> 901560 | AD38: =SUM(AB38:AC38) -> 9917160 | AF38: 1_BEUPSYS\5-1_업체구매요청서\1_부품구매요청서및계약서\(주)일성\GIC CSP24-0524-2호_PSR-Hub외9종생산
A39: 36 | B39: 구매 | C39: 임가공 | D39: 45544 | E39: 일성 | F39: 제BEUP JDS24-0522-1호 | G39: 지아이씨 | H39: GIC CSP24-0524-2호 | I39: 홍콩MTR 333량 | J39: 홍콩 PBA 11종 조립 | K39: 홍콩 PBA 11종 조립 1차 납품 (40%) | L39: 결제완료 | M39: 1 | O39: 12020800 | P39: 원 | Q39: 45684 | R39: 발주 후 20주내 | S39: O | T39: 45516 | U39: =O39*V39 -> 12020800 | V39: 1 | W39: 1차 납품 40% | Y39: 45534 | Z39: 45548 | AA39: 0.1 | AB39: =U39 -> 12020800 | AC39: =AB39*AA39 -> 1202080 | AD39: =SUM(AB39:AC39) -> 13222880 | AF39: 1_BEUPSYS\5-1_업체구매요청서\1_부품구매요청서및계약서\(주)일성\GIC CSP24-0524-2호_PSR-Hub외9종생산
A40: 37 | B40: 구매 | C40: 임가공 | D40: 45544 | E40: 일성 | F40: 제BEUP JDS24-0522-1호 | G40: 지아이씨 | H40: GIC CSP24-0524-2호 | I40: 홍콩MTR 333량 | J40: 홍콩 PBA 11종 조립 | K40: 홍콩 PBA 11종 조립 2차 납품 (30%) | L40: 결제완료 | M40: 1 | O40: 9015600 | P40: 원 | Q40: 45684 | R40: 발주 후 20주내 | S40: O | T40: 45585 | U40: =O40*V40 -> 9015600 | V40: 1 | W40: 2차 납품 30% | Y40: 45596 | Z40: 45604 | AA40: 0.1 | AB40: =U40 -> 9015600 | AC40: =AB40*AA40 -> 901560 | AD40: =SUM(AB40:AC40) -> 9917160 | AF40: 1_BEUPSYS\5-1_업체구매요청서\1_부품구매요청서및계약서\(주)일성\GIC CSP24-0524-2호_PSR-Hub외9종생산
A41: 38 | B41: 구매 | C41: 원자재 | D41: 45544 | E41: 이지파워 | F41: 제BEUP_24-0909-1호 | G41: 지아이씨 | H41: GIC CSP24-0524-2호 | I41: 홍콩MTR 333량 | J41: 홍콩예비품 8종 명판 | K41: 홍콩예비품 8종 명판 | L41: 결제완료 | M41: 320 | O41: 4680000 | P41: 원 | Q41: 45572 | R41: 발주 후 4주내 | S41: O | T41: 45556 | U41: =O41*V41 -> 4680000 | V41: 1 | W41: 납품 후 지급 | Y41: 45556 | Z41: 45569 | AA41: 0.1 | AB41: =U41 -> 4680000 | AC41: =AB41*AA41 -> 468000 | AD41: =SUM(AB41:AC41) -> 5148000 | AF41: 1_BEUPSYS\5-1_업체구매요청서\1_부품구매요청서및계약서\이지파워\GIC CSP24-0524-2호_PSR-Hub외9종생산\제BEUP_24-0909-1호
A42: 39 | B42: 구매 | C42: 원자재 | D42: 45548 | E42: 아이닉스 | F42: 제BEUP KNK24-0913-1호 | G42: 다원시스 | H42: DWE-2024-JUN-11-001 | I42: 7호선 3차 TCMS 개조 | J42: 산업용 마더보드 | K42: MotherBoard IMB-161-L | L42: 결제완료 | M42: 2 | O42: 1446000 | P42: 원 | Q42: 45576 | R42: 발주 후 4주내 | S42: O | T42: 45559 | U42: =O42*V42 -> 1446000 | V42: 1 | W42: 납품 후 지급 | Y42: 45562 | Z42: 45582 | AA42: 0.1 | AB42: =U42 -> 1446000 | AC42: =AB42*AA42 -> 144600 | AD42: =SUM(AB42:AC42) -> 1590600 | AF42: 1_BEUPSYS\5-1_업체구매요청서\1_부품구매요청서및계약서\아이닉스\DWE-2024-JUN-11-001_7호선3차분TCMS개조_CSC수리부품구매
A43: 40 | B43: 기타 | C43: 기타 | D43: 45549 | E43: 바이슨 | F43: 제BEUP CSP24-0914-1호 | G43: - | H43: 없음 | I43: - | J43: 계단 리프트 ASS'Y 제작 및 설치 | K43: 계단 리프트 ASS'Y 제작 및 설치 선금 (50%) | L43: 결제완료 | M43: 1 | O43: 2772000 | P43: 원 | Q43: 45577 | R43: 발주 후 4주내 | T43: 확인불가 | U43: =O43*V43 -> 2772000 | V43: 1 | W43: 계약 시 선금 50% | Y43: 45549 | Z43: 45549 | AA43: 0.1 | AB43: =U43 -> 2772000 | AC43: =AB43*AA43 -> 277200 | AD43: =SUM(AB43:AC43) -> 3049200 | AF43: 1_BEUPSYS\5-1_업체구매요청서\1_부품구매요청서및계약서\바이슨
A44: 41 | B44: 기타 | C44: 기타 | D44: 45549 | E44: 바이슨 | F44: 제BEUP CSP24-0914-1호 | G44: - | H44: 없음 | I44: - | J44: 계단 리프트 ASS'Y 제작 및 설치 | K44: 계단 리프트 ASS'Y 제작 및 설치 잔금 (50%) | L44: 결제완료 | M44: 1 | O44: 2772000 | P44: 원 | Q44: 45577 | R44: 발주 후 4주내 | T44: 확인불가 | U44: =O44*V44 -> 2772000 | V44: 1 | W44: 설치 후 잔금 50% | Y44: 45581 | Z44: 45582 | AA44: 0.1 | AB44: =U44 -> 2772000 | AC44: =AB44*AA44 -> 277200 | AD44: =SUM(AB44:AC44) -> 3049200 | AF44: 1_BEUPSYS\5-1_업체구매요청서\1_부품구매요청서및계약서\바이슨
A45: 42 | B45: 구매 | C45: 원자재 | D45: 45558 | E45: 파츠맨 | F45: 제BEUP KNK24-0923-1호 | G45: 지아이씨 | H45: GIC CSP24-0913-1호 | I45: 홍콩MTR 333량 | J45: HK-NVR PCB 조립 75EA 사급자재 | K45: CL10B104KB8NNNC 외 | L45: 결제완료 | M45: 1 | O45: 15905345 | P45: 원 | Q45: 45568 | R45: 발주 후 10일 | S45: O | T45: 45560 | U45: =O45*V45 -> 15905345 | V45: 1 | W45: 물품납기시 | Y45: 45565 | Z45: 45569 | AA45: 0.1 | AB45: =U45 -> 15905345 | AC45: =AB45*AA45 -> 1590534.5 | AD45: =SUM(AB45:AC45) -> 17495880 | AF45: 1_BEUPSYS\5-1_업체구매요청서\1_부품구매요청서및계약서\파츠맨\GIC CSP24-0913-1호 NVRCTMMSR 3종생산\NVR
A46: 43 | B46: 구매 | C46: 원자재 | D46: 45558 | E46: 파츠맨 | F46: 제BEUP KNK24-0923-2호 | G46: 지아이씨 | H46: GIC CSP24-0923-1호 | I46: 홍콩MTR 333량 | J46: 2024년 9월 부자재류 | K46: 액체그리스 외 | L46: 결제완료 | M46: 1 | O46: 1304100 | P46: 원 | Q46: 45568 | R46: 발주 후 10일 | S46: O | T46: 45560 | U46: =O46*V46 -> 1304100 | V46: 1 | W46: 물품납기시 | Y46: 45565 | Z46: 45569 | AA46: 0.1 | AB46: =U46 -> 1304100 | AC46: =AB46*AA46 -> 130410 | AD46: =SUM(AB46:AC46) -> 1434510 | AF46: 1_BEUPSYS\5-1_업체구매요청서\1_부품구매요청서및계약서\파츠맨\GIC CSP24-0923-1호 추가PCB공급건\9월자재비용
A47: 44 | B47: 구매 | C47: 임가공 | D47: 45559 | E47: 아이리코 | F47: 제BEUP KNK24-0924-1호 | G47: 지아이씨 | H47: GIC CSP24-0923-1호 | I47: 홍콩MTR 333량 | J47: PCB 코팅 | K47: HK향 PCB코팅 1종 | L47: 결제완료 | M47: 14 | O47: 210000 | P47: 원 | Q47: 45587 | R47: 발주 후 4주내 | S47: O | T47: 45565 | U47: =O47*V47 -> 210000 | V47: 1 | W47: 제작완료시 지급 | Y47: 45565 | Z47: 45569 | AA47: 0.1 | AB47: =U47 -> 210000 | AC47: =AB47*AA47 -> 21000 | AD47: =SUM(AB47:AC47) -> 231000 | AF47: 1_BEUPSYS\5-1_업체구매요청서\1_부품구매요청서및계약서\아이리코(I RICCO)\240923_GIC CSP24-0923-1호_MSR PWR Board for MSR외 10종\제BEUP KNK24-0924-1호_홍콩보드코팅_아이리코
A48: 45 | B48: 구매 | C48: 원자재 | D48: 45562 | E48: 일렉콤티에스 | F48: 제BEUP KNK24-0927-1호 | G48: 지아이씨 | H48: GIC CSP24-0913-1호 | I48: 홍콩MTR 333량 | J48: 방송/표시기 PCB 사급자재 | K48: CL10B104KB8NNNC외 | L48: 결제완료 | M48: 1 | O48: 66782940 | P48: 원 | Q48: 45577 | R48: 발주 후 15일 | S48: O | T48: 45579 | U48: =O48*V48 -> 66782940 | V48: 1 | W48: 물품납기시 | Y48: 45579 | Z48: 45582 | AA48: 0.1 | AB48: =U48 -> 66782940 | AC48: =AB48*AA48 -> 6678294 | AD48: =SUM(AB48:AC48) -> 73461234 | AF48: 1_BEUPSYS\5-1_업체구매요청서\1_부품구매요청서및계약서\주식회사 일렉콤티에스\GIC CSP24-0913-1호 NVRCTMMSR 3종생산\MSR_SC
A49: 46 | B49: 구매 | C49: 임가공 | D49: 45573 | E49: 아이리코 | F49: 제BEUP JDS24-1007-1호 | G49: 지아이씨 | H49: GIC CSP24-0524-2호 | I49: 홍콩MTR 333량 | J49: LAN 케이블 제작 (M12, 103EA) | K49: LAN 케이블 제작 (M12, 103EA) | L49: 결제완료 | M49: 103 | O49: 400000 | P49: 원 | Q49: 45601 | R49: 발주 후 4주내 | S49: O | T49: 45596 | U49: =O49*V49 -> 400000 | V49: 1 | W49: 제작완료시 지급 | Y49: 45596 | Z49: 45604 | AA49: 0.1 | AB49: =U49 -> 400000 | AC49: =AB49*AA49 -> 40000 | AD49: =SUM(AB49:AC49) -> 440000 | AE49: 125,300원 절감 | AF49: 1_BEUPSYS\5-1_업체구매요청서\1_부품구매요청서및계약서\아이리코(I RICCO)\241016_GIC CSP24-0524-2호_PSR-Hub외9종생산\241004_BEUP JDS24-1007-1호_M12컨넥터 배선작업
A50: 47 | B50: 구매 | C50: 원자재 | D50: 45573 | E50: 이지파워 | F50: 제BEUP JDS24-1007-2호 | G50: 지아이씨 | H50: GIC CSP24-0524-2호 | I50: 홍콩MTR 333량 | J50: 홍콩예비품 파워 3종 | K50: 홍콩예비품 파워 3종 | L50: 결제완료 | M50: 45 | O50: 5475000 | P50: 원 | Q50: 45643 | S50: O | T50: 45638 | U50: =O50*V50 -> 5475000 | V50: 1 | W50: 납품 후 지급 | Y50: 45639 | Z50: 45646 | AA50: 0.1 | AB50: =U50 -> 5475000 | AC50: =AB50*AA50 -> 547500 | AD50: =SUM(AB50:AC50) -> 6022500 | AF50: 1_BEUPSYS/5-1_업체구매요청서/1_부품구매요청서및계약서/이지파워/GIC CSP24-0524-2호_PSR-Hub외9종생산/제BEUP JDS24-1007-2호
A51: 48 | B51: 구매 | C51: 원자재 | D51: 45573 | E51: 유에스케이 | F51: 제BEUP JDS24-1007-3호 | G51: 지아이씨 | H51: GIC CSP24-0923-1호 | I51: 홍콩MTR 333량 | J51: 홍콩예비품 6종 Front_Panel | K51: 홍콩예비품 6종 Front_Panel | L51: 결제완료 | M51: 1 | O51: 1970000 | P51: 원 | Q51: 45601 | R51: 발주 후 4주내 | S51: O | T51: 45586 | U51: =O51*V51 -> 1970000 | V51: 1 | W51: 납품 후 지급 | Y51: 45586 | Z51: 45609 | AA51: 0.1 | AB51: =U51 -> 1970000 | AC51: =AB51*AA51 -> 197000 | AD51: =SUM(AB51:AC51) -> 2167000 | AF51: 1_BEUPSYS\5-1_업체구매요청서\1_부품구매요청서및계약서\㈜유에스케이\GIC CSP24-0524-2호_PSR-Hub외9종생산\6종_Front Panel
A52: 49 | B52: 구매 | C52: 원자재 | D52: 45573 | E52: 파츠맨 | F52: 제BEUP KNK24-1008-1호 | G52: 지아이씨 | H52: GIC CSP24-0913-1호 | I52: 홍콩MTR 333량 | J52: HK-CTM PCB 조립 75EA 사급자재 | K52: 1717831-2 외 | L52: 결제완료 | M52: 1 | O52: 16832480 | P52: 원 | Q52: 45583 | R52: 발주 후 10일 | S52: O | T52: 45595 | U52: =O52*V52 -> 16832480 | V52: 1 | W52: 물품납기시 | Y52: 45595 | Z52: 45600 | AA52: 0.1 | AB52: =U52 -> 16832480 | AC52: =AB52*AA52 -> 1683248 | AD52: =SUM(AB52:AC52) -> 18515728 | AF52: 1_BEUPSYS\5-1_업체구매요청서\1_부품구매요청서및계약서\파츠맨\GIC CSP24-0913-1호 NVRCTMMSR 3종생산\CTM
A53: 50 | B53: 구매 | C53: 원자재 | D53: 45580 | E53: 태신전자 | F53: 제BEUP KNK24-1015-1호 | G53: 지아이씨 | H53: GIC CSP24-0913-1호 | I53: 홍콩MTR 333량 | J53: PCB 제작 | K53: VOIP MODULE | L53: 결제완료 | M53: 50 | O53: 450000 | P53: 원 | Q53: 45608 | R53: 발주 후 4주내 | S53: O | T53: 45594 | U53: =O53*V53 -> 450000 | V53: 1 | W53: 납품 후 100% 지불 | Y53: 45594 | Z53: 45600 | AA53: 0.1 | AB53: =U53 -> 450000 | AC53: =AB53*AA53 -> 45000 | AD53: =SUM(AB53:AC53) -> 495000 | AF53: 1_BEUPSYS\5-1_업체구매요청서\1_부품구매요청서및계약서\㈜태신전자\GIC CSP24-0913-1호 NVRCTMMSR 3종생산\1_MTX_TCIU_HUB_MOP
A54: 51 | B54: 구매 | C54: 원자재 | D54: 45580 | E54: 태신전자 | F54: 제BEUP KNK24-1015-1호 | G54: 지아이씨 | H54: GIC CSP24-0913-1호 | I54: 홍콩MTR 333량 | J54: PCB 제작 | K54: MOP-SUB | L54: 결제완료 | M54: 50 | O54: 250000 | P54: 원 | Q54: 45608 | R54: 발주 후 4주내 | S54: O | T54: 45594 | U54: =O54*V54 -> 250000 | V54: 1 | W54: 납품 후 100% 지불 | Y54: 45594 | Z54: 45600 | AA54: 0.1 | AB54: =U54 -> 250000 | AC54: =AB54*AA54 -> 25000 | AD54: =SUM(AB54:AC54) -> 275000 | AF54: 1_BEUPSYS\5-1_업체구매요청서\1_부품구매요청서및계약서\㈜태신전자\GIC CSP24-0913-1호 NVRCTMMSR 3종생산\1_MTX_TCIU_HUB_MOP
A55: 52 | B55: 구매 | C55: 원자재 | D55: 45580 | E55: 태신전자 | F55: 제BEUP KNK24-1015-1호 | G55: 지아이씨 | H55: GIC CSP24-0913-1호 | I55: 홍콩MTR 333량 | J55: PCB 제작 | K55: MOP | L55: 결제완료 | M55: 50 | O55: 312500 | P55: 원 | Q55: 45608 | R55: 발주 후 4주내 | S55: O | T55: 45594 | U55: =O55*V55 -> 312500 | V55: 1 | W55: 납품 후 100% 지불 | Y55: 45594 | Z55: 45600 | AA55: 0.1 | AB55: =U55 -> 312500 | AC55: =AB55*AA55 -> 31250 | AD55: =SUM(AB55:AC55) -> 343750 | AF55: 1_BEUPSYS\5-1_업체구매요청서\1_부품구매요청서및계약서\㈜태신전자\GIC CSP24-0913-1호 NVRCTMMSR 3종생산\1_MTX_TCIU_HUB_MOP
A56: 53 | B56: 구매 | C56: 원자재 | D56: 45580 | E56: 태신전자 | F56: 제BEUP KNK24-1015-1호 | G56: 지아이씨 | H56: GIC CSP24-0913-1호 | I56: 홍콩MTR 333량 | J56: PCB 제작 | K56: MTX | L56: 결제완료 | M56: 75 | O56: 1035000 | P56: 원 | Q56: 45608 | R56: 발주 후 4주내 | S56: O | T56: 45594 | U56: =O56*V56 -> 1035000 | V56: 1 | W56: 납품 후 100% 지불 | Y56: 45594 | Z56: 45600 | AA56: 0.1 | AB56: =U56 -> 1035000 | AC56: =AB56*AA56 -> 103500 | AD56: =SUM(AB56:AC56) -> 1138500 | AF56: 1_BEUPSYS\5-1_업체구매요청서\1_부품구매요청서및계약서\㈜태신전자\GIC CSP24-0913-1호 NVRCTMMSR 3종생산\1_MTX_TCIU_HUB_MOP
A57: 54 | B57: 구매 | C57: 원자재 | D57: 45580 | E57: 태신전자 | F57: 제BEUP KNK24-1015-1호 | G57: 지아이씨 | H57: GIC CSP24-0913-1호 | I57: 홍콩MTR 333량 | J57: PCB 제작 | K57: TCIU | L57: 결제완료 | M57: 65 | O57: 1137500 | P57: 원 | Q57: 45608 | R57: 발주 후 4주내 | S57: O | T57: 45594 | U57: =O57*V57 -> 1137500 | V57: 1 | W57: 납품 후 100% 지불 | Y57: 45594 | Z57: 45600 | AA57: 0.1 | AB57: =U57 -> 1137500 | AC57: =AB57*AA57 -> 113750 | AD57: =SUM(AB57:AC57) -> 1251250 | AF57: 1_BEUPSYS\5-1_업체구매요청서\1_부품구매요청서및계약서\㈜태신전자\GIC CSP24-0913-1호 NVRCTMMSR 3종생산\1_MTX_TCIU_HUB_MOP
A58: 55 | B58: 구매 | C58: 원자재 | D58: 45580 | E58: 태신전자 | F58: 제BEUP KNK24-1015-1호 | G58: 지아이씨 | H58: GIC CSP24-0913-1호 | I58: 홍콩MTR 333량 | J58: PCB 제작 | K58: HUB | L58: 결제완료 | M58: 110 | O58: 1925000 | P58: 원 | Q58: 45608 | R58: 발주 후 4주내 | S58: O | T58: 45594 | U58: =O58*V58 -> 1925000 | V58: 1 | W58: 납품 후 100% 지불 | Y58: 45594 | Z58: 45600 | AA58: 0.1 | AB58: =U58 -> 1925000 | AC58: =AB58*AA58 -> 192500 | AD58: =SUM(AB58:AC58) -> 2117500 | AF58: 1_BEUPSYS\5-1_업체구매요청서\1_부품구매요청서및계약서\㈜태신전자\GIC CSP24-0913-1호 NVRCTMMSR 3종생산\1_MTX_TCIU_HUB_MOP
A59: 56 | B59: 구매 | C59: 원자재 | D59: 45582 | E59: 아이닉스 | F59: 제BEUP JDS24-1016-1호 | G59: 지아이씨 | H59: GIC CSP24-0923-1호 | I59: 홍콩MTR 333량 | J59: M12 커넥터 외 | K59: 21033712403 외 | L59: 결제완료 | M59: 300 | O59: 7277250 | P59: 원 | Q59: 45624 | R59: 발주 후 6주내 | S59: O | T59: 45610 | U59: =O59*V59 -> 7277250 | V59: 1 | W59: 납품 후 지급 | Y59: 45626 | Z59: 45646 | AA59: 0.1 | AB59: =U59 -> 7277250 | AC59: =AB59*AA59 -> 727725 | AD59: =SUM(AB59:AC59) -> 8004975 | AF59: 1_BEUPSYS/5-1_업체구매요청서/1_부품구매요청서및계약서/아이닉스/GIC CSP24-0923-1호_MSR PWR Board for MSR외 10종
A60: 57 | B60: 구매 | C60: 원자재 | D60: 45583 | E60: 아이리코 | F60: 제BEUP JDS24-1018-1호 | G60: 지아이씨 | H60: GIC CSP24-0409-1호 | I60: 홍콩MTR 333량 | J60: PAB 재작업 (배선작업) | K60: PAB 재작업 (배선작업) | L60: 결제완료 | M60: 50 | N60: 50000 | O60: =M60*N60 -> 2500000 | P60: 원 | Q60: 45597 | R60: 발주 후 2주내 | S60: O | T60: 45596 | U60: =O60*V60 -> 2500000 | V60: 1 | W60: 제작완료시 지급 | Y60: 45596 | Z60: 45604 | AA60: 0.1 | AB60: =U60 -> 2500000 | AC60: =AB60*AA60 -> 250000 | AD60: =SUM(AB60:AC60) -> 2750000 | AF60: 1_BEUPSYS\5-1_업체구매요청서\1_부품구매요청서및계약서\아이리코(I RICCO)\240409_GIC CSP24-0409-1호_PAB외4종생산\241018_BEUP JDS24-1018-1_PAB 배선작업
A61: 58 | B61: 구매 | C61: 장비 | D61: 45583 | E61: 엔에스티정보통신 | F61: 제BEUP JDS24-1018-2호 | G61: 지아이씨 | H61: GIC CSP24-0923-1호 | I61: 홍콩MTR 333량 | J61: 이더넷스위치 | K61: 이더넷스위치 | L61: 결제완료 | M61: 1 | O61: 1900000 | P61: 원 | Q61: 45611 | R61: 발주 후 4주내 | S61: O | T61: 45587 | U61: =O61*V61 -> 1900000 | V61: 1 | W61: 납품 후 지급 | Y61: 45587 | Z61: 45609 | AA61: 0.1 | AB61: =U61 -> 1900000 | AC61: =AB61*AA61 -> 190000 | AD61: =SUM(AB61:AC61) -> 2090000 | AF61: 1_BEUPSYS\5-1_업체구매요청서\1_부품구매요청서및계약서\㈜엔에스티정보통신\GIC CSP24-0923-1호_MSR PWR Board for MSR외 10종\제BEUP JDS24-1018-2호
A62: 59 | B62: 구매 | C62: 원자재 | D62: 45586 | E62: 일성 | F62: 제BEUP KNK24-1021-1호 | G62: 지아이씨 | H62: GIC CSP24-0913-1호 | I62: 홍콩MTR 333량 | J62: 홍콩MTR PCB 5종 조립 | K62: MSR HUB PBA 제작 외 | L62: 결제완료 | M62: 1 | O62: 15006000 | P62: 원 | Q62: 45726 | R62: 발주 후 20주내 | S62: O | T62: 45633 | U62: =O62*V62 -> 15006000 | V62: 1 | W62: 납품 후 100% 현금지급 | Y62: 45644 | Z62: 45646 | AA62: 0.1 | AB62: =U62 -> 15006000 | AC62: =AB62*AA62 -> 1500600 | AD62: =SUM(AB62:AC62) -> 16506600 | AF62: 1_BEUPSYS\5-1_업체구매요청서\1_부품구매요청서및계약서\일성\GIC CSP24-0913-1호 NVRCTMMSR 3종생산
A63: 60 | B63: 구매 | C63: 원자재 | D63: 45589 | E63: 캐드존 | F63: 제BEUP KNK24-1024-1호 | G63: 지아이씨 | H63: GIC CSP24-0524-1호 | I63: 홍콩MTR 333량 | J63: PCB아트웍/조립비 | K63: PCB아트웍/조립비 | L63: 결제완료 | M63: 1 | O63: 4090000 | P63: 원 | Q63: 45617 | R63: 발주 후 4주내 | S63: O | T63: 45597 | U63: =O63*V63 -> 4090000 | V63: 1 | W63: 납품 후 100% 지불 | Y63: 45601 | Z63: 45604 | AA63: 0.1 | AB63: =U63 -> 4090000 | AC63: =AB63*AA63 -> 409000 | AD63: =SUM(AB63:AC63) -> 4499000 | AF63: 1_BEUPSYS\5-1_업체구매요청서\1_부품구매요청서및계약서\캐드존\240524_GIC CSP24-0524-1호_MOP외2종생산
A64: 61 | B64: 구매 | C64: 원자재 | D64: 45594 | E64: 태신전자 | F64: 제BEUP KNK24-1029-1호 | G64: 지아이씨 | H64: GIC CSP24-0913-1호 | I64: 홍콩MTR 333량 | J64: SSD PCB제작 | K64: SSD PCB제작 | L64: 결제완료 | M64: 110 | O64: 1463000 | P64: 원 | Q64: 45622 | R64: 발주 후 4주내 | S64: O | T64: 45608 | U64: =O64*V64 -> 1463000 | V64: 1 | W64: 납품 후 100% 지불 | Y64: 45608 | Z64: 45646 | AA64: 0.1 | AB64: =U64 -> 1463000 | AC64: =AB64*AA64 -> 146300 | AD64: =SUM(AB64:AC64) -> 1609300 | AF64: 1_BEUPSYS\5-1_업체구매요청서\1_부품구매요청서및계약서\(주)태신전자\GIC CSP24-0913-1호 NVRCTMMSR 3종생산\2_SSD
A65: 62 | B65: 구매 | C65: 원자재 | D65: 45595 | E65: 아이리코 | F65: 제BEUP JDS24-1023-1호 | G65: 지아이씨 | H65: GIC CSP24-0524-2호 | I65: 홍콩MTR 333량 | J65: LAN 케이블 제작 (M12, 200EA) | K65: LAN 케이블 제작 (M12, 200EA) | L65: 결제완료 | M65: 200 | O65: 800000 | P65: 원 | Q65: 45623 | R65: 발주 후 4주내 | S65: O | T65: 45596 | U65: =O65*V65 -> 800000 | V65: 1 | W65: 제작완료시 지급 | Y65: 45596 | Z65: 45604 | AA65: 0.1 | AB65: =U65 -> 800000 | AC65: =AB65*AA65 -> 80000 | AD65: =SUM(AB65:AC65) -> 880000 | AF65: 1_BEUPSYS\5-1_업체구매요청서\1_부품구매요청서및계약서\아이리코(I RICCO)\241016_GIC CSP24-0524-2호_PSR-Hub외9종생산\241023_BEUP JDS24-1023-1호_M12컨넥터 배선작업
A66: 63 | B66: 구매 | C66: 임가공 | D66: 45597 | E66: 메카전자 | F66: 제BEUP KNK24-1101-1호 | G66: 지아이씨 | H66: GIC CSP24-0913-1호 | I66: 홍콩MTR 333량 | J66: ZEUS PCB 보드 조립 | K66: ZEUS PCB 보드 조립 | L66: 결제완료 | M66: 1 | O66: 6675000 | P66: 원 | Q66: 45612 | R66: 발주 후 15일 | S66: O | T66: 45600 | U66: =O66*V66 -> 6675000 | V66: 1 | W66: 물품납기시 | Y66: 45602 | Z66: 45604 | AA66: 0.1 | AB66: =U66 -> 6675000 | AC66: =AB66*AA66 -> 667500 | AD66: =SUM(AB66:AC66) -> 7342500 | AF66: 1_BEUPSYS\5-1_업체구매요청서\1_부품구매요청서및계약서\㈜메카전자\GIC CSP24-0913-1호 NVRCTMMSR 3종생산
A67: 64 | B67: 구매 | C67: 원자재 | D67: 45597 | E67: 파츠맨 | F67: 제BEUP KNK24-1101-2호 | G67: 지아이씨 | H67: GIC CSP24-0923-1호 | I67: 홍콩MTR 333량 | J67: 2024년 10월 부자재류 | K67: 스크류 외 | L67: 결제완료 | M67: 1 | O67: 761100 | P67: 원 | Q67: 45607 | R67: 발주 후 10일 | S67: O | T67: 45596 | U67: =O67*V67 -> 761100 | V67: 1 | W67: 물품납기시 | Y67: 45595 | Z67: 45600 | AA67: 0.1 | AB67: =U67 -> 761100 | AC67: =AB67*AA67 -> 76110 | AD67: =SUM(AB67:AC67) -> 837210 | AF67: 1_BEUPSYS\5-1_업체구매요청서\1_부품구매요청서및계약서\파츠맨\GIC CSP24-0923-1호 추가PCB공급건\10월자재진행
A68: 65 | B68: 구매 | C68: 원자재 | D68: 45602 | E68: 세일엔지니어링 | F68: 제BEUP JDS24-1106-1호 | G68: 지아이씨 | H68: GIC CSP24-0524-1호 | I68: 홍콩MTR 333량 | J68: PAB 기구물 | K68: PAB 기구물 | L68: 결제완료 | M68: 55 | O68: 330000 | P68: 원 | Q68: 45616 | R68: 발주 후 2주내 | S68: O | T68: 45609 | U68: =O68*V68 -> 330000 | V68: 1 | W68: 제작완료시 지급 | Y68: 45609 | Z68: 45625 | AA68: 0.1 | AB68: =U68 -> 330000 | AC68: =AB68*AA68 -> 33000 | AD68: =SUM(AB68:AC68) -> 363000 | AF68: 1_BEUPSYS\5-1_업체구매요청서\1_부품구매요청서및계약서\㈜세일엔지니어링\241104_GIC CSP24-0524-1호_MOP외2종\제BEUP JDS24-1106-1호
A69: 66 | B69: 구매 | C69: 원자재 | D69: 45598 | E69: 파츠맨 | F69: 제BEUP KNK24-1102-1호 | G69: 지아이씨 | H69: GIC CSP24-0923-1호 | I69: 홍콩MTR 333량 | J69: VoIP Module PCB 조립 50EA 사급자재 | K69: NC7S08M5X 외 | L69: 결제완료 | M69: 1 | O69: 1873650 | P69: 원 | S69: O | T69: 45601 | U69: =O69*V69 -> 1873650 | V69: 1 | W69: 물품납기시 | Y69: 45628 | Z69: 45642 | AA69: 0.1 | AB69: =U69 -> 1873650 | AC69: =AB69*AA69 -> 187365 | AD69: =SUM(AB69:AC69) -> 2061015 | AF69: 1_BEUPSYS\5-1_업체구매요청서\1_부품구매요청서및계약서\파츠맨\GIC CSP24-0923-1호 추가PCB공급건\VOIPMODULE추가생산
A70: 67 | B70: 구매 | C70: 원자재 | D70: 45598 | E70: 파츠맨 | F70: 제BEUP KNK24-1102-2호 | G70: 지아이씨 | H70: GIC CSP24-0923-1호 | I70: 홍콩MTR 333량 | J70: HK-MOP PCB 조립 50EA 사급자재 | K70: LM2596S-5 외 | L70: 결제완료 | M70: 1 | O70: 4065500 | P70: 원 | S70: O | T70: 45601 | U70: =O70*V70 -> 4065500 | V70: 1 | W70: 물품납기시 | Y70: 45628 | Z70: 45642 | AA70: 0.1 | AB70: =U70 -> 4065500 | AC70: =AB70*AA70 -> 406550 | AD70: =SUM(AB70:AC70) -> 4472050 | AF70: 1_BEUPSYS\5-1_업체구매요청서\1_부품구매요청서및계약서\파츠맨\GIC CSP24-0923-1호 추가PCB공급건\MOP추가생산
A71: 68 | B71: 구매 | C71: 원자재 | D71: 45601 | E71: 파츠맨 | F71: 제BEUP KNK24-1105-1호 | G71: 지아이씨 | H71: GIC CSP24-0913-1호 | I71: 홍콩MTR 333량 | J71: HK-MOP-LCD 75EA 사급자재 | K71: DB9P-FEMALE-S 외 | L71: 결제완료 | M71: 1 | O71: 2922850 | P71: 원 | S71: O | T71: 45611 | U71: =O71*V71 -> 2922850 | V71: 1 | W71: 물품납기시 | Y71: 45628 | Z71: 45642 | AA71: 0.1 | AB71: =U71 -> 2922850 | AC71: =AB71*AA71 -> 292285 | AD71: =SUM(AB71:AC71) -> 3215135 | AF71: 1_BEUPSYS\5-1_업체구매요청서\1_부품구매요청서및계약서\파츠맨\GIC CSP24-0913-1호 NVRCTMMSR 3종생산\MOPLCD
A72: 69 | B72: 구매 | C72: 원자재 | D72: 45608 | E72: 파츠맨 | F72: 제BEUP KNK24-1112-1호 | G72: 지아이씨 | H72: GIC CSP24-0913-1호 | I72: 홍콩MTR 333량 | J72: HK-PBX 추가 수리 자재 | K72: FX10A-100S/10-SV 외 | L72: 결제완료 | M72: 1 | O72: 788260 | P72: 원 | S72: O | T72: 45616 | U72: =O72*V72 -> 788260 | V72: 1 | W72: 물품납기시 | Y72: 45628 | Z72: 45642 | AA72: 0.1 | AB72: =U72 -> 788260 | AC72: =AB72*AA72 -> 78826 | AD72: =SUM(AB72:AC72) -> 867086 | AE72: 금액 확인 요청 (발주금액 716,600원) | AF72: 1_BEUPSYS\5-1_업체구매요청서\1_부품구매요청서및계약서\파츠맨\GIC CSP24-0913-1호 NVRCTMMSR 3종생산\PBX추가자재(수리용)
A73: 70 | B73: 구매 | C73: 원자재 | D73: 45608 | E73: 파츠맨 | F73: 제BEUP KNK24-1112-2호 | G73: 지아이씨 | H73: GIC CSP24-0913-1호 | I73: 홍콩MTR 333량 | J73: HK-NVR, CTM 추가 자재 | K73: CL32A226KAJNNNE 외 | L73: 결제완료 | M73: 1 | O73: 480500 | P73: 원 | S73: O | T73: 45616 | U73: =O73*V73 -> 480500 | V73: 1 | W73: 물품납기시 | Y73: 45628 | Z73: 45642 | AA73: 0.1 | AB73: =U73 -> 480500 | AC73: =AB73*AA73 -> 48050 | AD73: =SUM(AB73:AC73) -> 528550 | AF73: 1_BEUPSYS\5-1_업체구매요청서\1_부품구매요청서및계약서\파츠맨\GIC CSP24-0913-1호 NVRCTMMSR 3종생산\NVRCTM추가자재
A74: 71 | B74: 구매 | C74: 원자재 | D74: 45621 | E74: 파츠맨 | F74: 제BEUP KNK24-1125-1호 | G74: 지아이씨 | H74: GIC CSP24-0923-1호 | I74: 홍콩MTR 333량 | J74: 2024년 11월 부자재류 | K74: SHP0735-330 외 | L74: 결제완료 | M74: 1 | O74: 1898190 | P74: 원 | S74: O | T74: 45623 | U74: =O74*V74 -> 1898190 | V74: 1 | W74: 물품납기시 | Y74: 45628 | Z74: 45642 | AA74: 0.1 | AB74: =U74 -> 1898190 | AC74: =AB74*AA74 -> 189819 | AD74: =SUM(AB74:AC74) -> 2088009 | AF74: 1_BEUPSYS\5-1_업체구매요청서\1_부품구매요청서및계약서\파츠맨\GIC CSP24-0923-1호 추가PCB공급건\11월자재비용
A75: 72 | B75: 구매 | C75: 원자재 | D75: 45629 | E75: 파츠맨 | F75: 제BEUP KNK24-1203-1호 | G75: 지아이씨 | H75: GIC CSP24-0913-1호 | I75: 홍콩MTR 333량 | J75: HK-SSD PCB 조립 110EA 사급자재 | K75: SPX1117M3-L-3-3/TR 외 | L75: 결제완료 | M75: 110 | O75: 1575350 | P75: 원 | Q75: 45639 | S75: O | T75: 45650 | U75: =O75*V75 -> 1575350 | V75: 1 | W75: 물품납기시 | Y75: 45642 | Z75: 45657 | AA75: 0.1 | AB75: =U75 -> 1575350 | AC75: =AB75*AA75 -> 157535 | AD75: =SUM(AB75:AC75) -> 1732885 | AF75: 1_BEUPSYS\5-1_업체구매요청서\1_부품구매요청서및계약서\파츠맨\GIC CSP24-0913-1호 NVRCTMMSR 3종생산\SSD-서명완료지급필요_1,575,350
A76: 73 | B76: 프리랜서 | C76: 인건비 | D76: 45637 | E76: 박진호 | F76: 제BEUP KNK24-1211-1호 | G76: 다원시스 | H76: DWE-2024-JUN-11-001 | I76: 7호선 3차 TCMS 개조 | J76: CSC/운행기록장치 소프트웨어 개발 | K76: CSC/운행기록장치 소프트웨어 개발 | L76: 결제완료 | M76: 1 | O76: 3000000 | P76: 원 | Q76: 45716 | U76: =O76*V76 -> 3000000 | V76: 1 | W76: 초도금 50% : ₩3,000,000(사업소득세 3.3% 공제) | Y76: - | Z76: 45646 | AA76: -0.033 | AB76: =U76 -> 3000000 | AC76: =AB76*AA76 -> -99000 | AD76: =SUM(AB76:AC76) -> 2901000 | AE76: 사업소득세 3.3% 공제 | AF76: 1_BEUPSYS\5-1_업체구매요청서\1_부품구매요청서및계약서\프리렌서계약_박진호\DWE-2024-JUN-11-001_7호선3차분TCMS개조
A77: 74 | B77: 프리랜서 | C77: 인건비 | D77: 45637 | E77: 박진호 | F77: 제BEUP KNK24-1211-1호 | G77: 다원시스 | H77: DWE-2024-JUN-11-001 | I77: 7호선 3차 TCMS 개조 | J77: CSC/운행기록장치 소프트웨어 개발 | K77: CSC/운행기록장치 소프트웨어 개발 | L77: 결제완료 | M77: 1 | O77: 3000000 | P77: 원 | Q77: 45716 | U77: =O77*V77 -> 3000000 | V77: 1 | W77: 잔금 50% : ₩3,000,000(사업소득세 3.3% 공제) | X77: 45887 | Z77: 45887 | AA77: -0.033 | AB77: =U77 -> 3000000 | AC77: =AB77*AA77 -> -99000 | AD77: =SUM(AB77:AC77) -> 2901000 | AE77: 사업소득세 3.3% 공제 | AF77: 1_BEUPSYS\5-1_업체구매요청서\1_부품구매요청서및계약서\프리렌서계약_박진호\DWE-2024-JUN-11-001_7호선3차분TCMS개조
A78: 75 | B78: 구매 | C78: 임가공 | D78: 45639 | E78: 아이리코 | F78: 제BEUP JDS24-1212-1호 | G78: 지아이씨 | H78: GIC CSP24-0524-1호 | I78: 홍콩MTR 333량 | J78: PCB코팅 및 케이블 작업 | K78: PCB코팅 및 케이블 작업 | L78: 결제완료 | M78: 1 | O78: 536000 | P78: 원 | Q78: 45667 | R78: 발주 후 4주내 | S78: O | T78: 45625 | U78: =O78*V78 -> 536000 | V78: 1 | W78: 제작완료시 지급 | Y78: 45639 | Z78: 45646 | AA78: 0.1 | AB78: =U78 -> 536000 | AC78: =AB78*AA78 -> 53600 | AD78: =SUM(AB78:AC78) -> 589600 | AF78: 1_BEUPSYS/5-1_업체구매요청서/1_부품구매요청서및계약서/아이리코/240524_GIC CSP24-0524-1호_MOP외2종생산
A79: 76 | B79: 구매 | C79: 원자재 | D79: 45642 | E79: 아이닉스 | F79: 제BEUP JDS24-1216-1호 | G79: 지아이씨 | H79: GIC CSP24-0524-1호 | I79: 홍콩MTR 333량 | J79: RAYCHEM 0.5SQ Wire | K79: 100G0111-0.5-0 | L79: 결제완료 | M79: 400 | O79: 1080000 | P79: 원 | Q79: 45684 | R79: 발주 후 6주내 | S79: O | T79: 45639 | U79: =O79*V79 -> 1080000 | V79: 1 | W79: 납품 후 지급 | Y79: 45657 | Z79: 45660 | AA79: 0.1 | AB79: =U79 -> 1080000 | AC79: =AB79*AA79 -> 108000 | AD79: =SUM(AB79:AC79) -> 1188000 | AF79: 1_BEUPSYS/5-1_업체구매요청서/1_부품구매요청서및계약서/아이닉스/GIC CSP24-0524-1호_MOP외2종생산
A80: 77 | B80: 구매 | C80: 원자재 | D80: 45645 | E80: 이송이엠씨 | F80: 제BEUP JDS24-1218-1호 | G80: 지아이씨 | H80: GIC CSP24-0524-1호 | I80: 홍콩MTR 333량 | J80: 폼가스켓 | K80: SF050020R-C-NB-A (W5*T2*L1000mm) | L80: 결제완료 | M80: 100 | O80: 180000 | P80: 원 | Q80: 45672 | S80: O | T80: 45659 | U80: =O80*V80 -> 180000 | V80: 1 | W80: 납품 후 지급 | Y80: 45659 | Z80: 45678 | AA80: 0.1 | AB80: =U80 -> 180000 | AC80: =AB80*AA80 -> 18000 | AD80: =SUM(AB80:AC80) -> 198000 | AF80: 1_BEUPSYS\5-1_업체구매요청서\1_부품구매요청서및계약서\㈜이송이엠씨\GIC CSP24-0524-1호_MOP외2종생산
A81: 78 | B81: 구매 | C81: 원자재 | D81: 45644 | E81: 화인테크폴리머 | F81: 제BEUP JDS24-1218-2호 | G81: 지아이씨 | H81: GIC CSP24-0524-1호 | I81: 홍콩MTR 333량 | J81: EPDM SEALING FOAM | K81: EPDM SEALING FOAM (1T*5*500) | L81: 결제완료 | M81: 300 | O81: 270000 | P81: 원 | Q81: 45673 | S81: O | T81: 45644 | U81: =O81*V81 -> 270000 | V81: 1 | W81: 납품 후 지급 | Y81: 45657 | Z81: 45678 | AA81: 0.1 | AB81: =U81 -> 270000 | AC81: =AB81*AA81 -> 27000 | AD81: =SUM(AB81:AC81) -> 297000 | AF81: 1_BEUPSYS\5-1_업체구매요청서\1_부품구매요청서및계약서\㈜화인테크폴리머\GIC CSP24-0524-1호_MOP외2종생산
A82: 79 | B82: 구매 | C82: 원자재 | D82: 45645 | E82: 아이리코 | F82: 제BEUP JDS24-1219-1호 | G82: 지아이씨 | H82: GIC CSP24-0524-1호 | I82: 홍콩MTR 333량 | J82: PCB 코팅 및 접지케이블 | K82: PCB 코팅 및 접지케이블 | L82: 결제완료 | M82: 210 | O82: 320000 | P82: 원 | Q82: 45673 | S82: O | T82: 45645 | U82: =O82*V82 -> 320000 | V82: 1 | W82: 제작완료시 지급 | Y82: 45646 | Z82: 45657 | AA82: 0.1 | AB82: =U82 -> 320000 | AC82: =AB82*AA82 -> 32000 | AD82: =SUM(AB82:AC82) -> 352000 | AF82: 1_BEUPSYS\5-1_업체구매요청서\1_부품구매요청서및계약서\아이리코(I RICCO)\240524_GIC CSP24-0524-1호_MOP외2종생산\제BEUP JDS24-1219-1호
A83: 80 | B83: 프리랜서 | C83: 인건비 | D83: 45646 | E83: 김재현 | F83: 제BEUPSYS KNK24-1220 | G83: 지아이씨 | H83: GIC CSP24-0913-1호 | I83: 홍콩MTR 333량 | J83: MOP 하드웨어 생산관련 테스트 및 업데이트 | K83: MOP 하드웨어 생산관련 테스트 및 업데이트 | L83: 결제완료 | M83: 1 | N83: 5000000 | O83: =M83*N83 -> 5000000 | P83: 원 | Q83: 45716 | T83: 45716 | U83: =O83*V83 -> 5000000 | V83: 1 | W83: 2025-3-5 (사업소득세 3.3% 공제) | X83: 45721 | Z83: 45721 | AA83: -0.033 | AB83: =U83 -> 5000000 | AC83: =AB83*AA83 -> -165000 | AD83: =SUM(AB83:AC83) -> 4835000 | AE83: 사업소득세 3.3% 공제 | AF83: 1_BEUPSYS\5-1_업체구매요청서\1_부품구매요청서및계약서\프리렌서계약_김재현\제GIC CSP24-0913-1호_MSR NVR 외 11종\1차
A84: 81 | B84: 구매 | C84: 임가공 | D84: 45650 | E84: 메카전자 | F84: 제BEUP KNK24-1218-1호 | G84: 지아이씨 | H84: GIC CSP24-0913-1호 | I84: 홍콩MTR 333량 | J84: HK-MOP-LCD PCB 조립 70EA 생산 | K84: MOPLCD_V1.1 PCB 외 | L84: 결제완료 | M84: 70 | O84: 3010000 | P84: 원 | Q84: 45665 | S84: O | T84: 45656 | U84: =O84*V84 -> 3010000 | V84: 1 | W84: 물품납기시 | Y84: 45656 | Z84: 45657 | AA84: 0.1 | AB84: =U84 -> 3010000 | AC84: =AB84*AA84 -> 301000 | AD84: =SUM(AB84:AC84) -> 3311000 | AF84: 1_BEUPSYS\5-1_업체구매요청서\1_부품구매요청서및계약서\㈜메카전자\GIC CSP24-0913-1호 NVRCTMMSR 3종생산\MOPLCD
A85: 82 | B85: 구매 | C85: 임가공 | D85: 45650 | E85: 메카전자 | F85: 제BEUP KNK24-1212-1호 | G85: 지아이씨 | H85: GIC CSP24-0913-1호 | I85: 홍콩MTR 333량 | J85: NVR 보드 생산 | K85: NVR 보드 생산 | L85: 결제완료 | M85: 70 | O85: 6209000 | P85: 원 | Q85: 45665 | S85: O | T85: 45673 | U85: =O85*V85 -> 6209000 | V85: 1 | W85: 물품납기시 | X85: 45693 | Y85: 45681 | Z85: 45694 | AA85: 0.1 | AB85: =U85 -> 6209000 | AC85: =AB85*AA85 -> 620900 | AD85: =SUM(AB85:AC85) -> 6829900 | AF85: 1_BEUPSYS\5-1_업체구매요청서\1_부품구매요청서및계약서\㈜메카전자\GIC CSP24-0913-1호 NVRCTMMSR 3종생산\NVR생산
A86: 83 | B86: 구매 | C86: 임가공 | D86: 45650 | E86: 메카전자 | F86: 제BEUP KNK24-1216-1호 | G86: 지아이씨 | H86: GIC CSP24-0913-1호 | I86: 홍콩MTR 333량 | J86: SSD 보드 생산 | K86: SSD 보드 생산 | L86: 결제완료 | M86: 110 | O86: 1300000 | P86: 원 | Q86: 45665 | S86: O | T86: 45646 | U86: =O86*V86 -> 1300000 | V86: 1 | W86: 물품납기시 | Y86: 45646 | Z86: 45657 | AA86: 0.1 | AB86: =U86 -> 1300000 | AC86: =AB86*AA86 -> 130000 | AD86: =SUM(AB86:AC86) -> 1430000 | AF86: 1_BEUPSYS\5-1_업체구매요청서\1_부품구매요청서및계약서\㈜메카전자\GIC CSP24-0913-1호 NVRCTMMSR 3종생산\MSR-SSD_조립생산
A87: 84 | B87: 구매 | C87: 원자재 | D87: 45652 | E87: 파츠맨 | F87: 제BEUP KNK24-1226-2호 | G87: 지아이씨 | H87: GIC CSP24-0913-1호 | I87: 홍콩MTR 333량 | J87: 2024년 12월 부자재류 | K87: PCB FR-4 외 | L87: 결제완료 | M87: 1 | O87: 1304260 | P87: 원 | Q87: 45662 | S87: O | T87: 45650 | U87: =O87*V87 -> 1304260 | V87: 1 | W87: 물품납기시 | Y87: 45652 | Z87: 45657 | AA87: 0.1 | AB87: =U87 -> 1304260 | AC87: =AB87*AA87 -> 130426 | AD87: =SUM(AB87:AC87) -> 1434686 | AF87: 1_BEUPSYS\5-1_업체구매요청서\1_부품구매요청서및계약서\파츠맨\GIC CSP24-0913-1호 NVRCTMMSR 3종생산\12월부자재-서명완료지급필요_1304260
A88: 85 | B88: 구매 | C88: 원자재 | D88: 45652 | E88: 파츠맨 | F88: 제BEUP KNK24-1226-1호 | G88: 지아이씨 | H88: GIC CSP24-0913-1호 | I88: 홍콩MTR 333량 | J88: HK-CTM 추가 자재 | K88: 0603B272K250CT 외 | L88: 결제완료 | M88: 1 | O88: 718600 | P88: 원 | Q88: 45662 | S88: O | T88: 45650 | U88: =O88*V88 -> 718600 | V88: 1 | W88: 물품납기시 | Y88: 45652 | Z88: 45657 | AA88: 0.1 | AB88: =U88 -> 718600 | AC88: =AB88*AA88 -> 71860 | AD88: =SUM(AB88:AC88) -> 790460 | AF88: 1_BEUPSYS\5-1_업체구매요청서\1_부품구매요청서및계약서\파츠맨\GIC CSP24-0913-1호 NVRCTMMSR 3종생산\c
A89: 86 | B89: 구매 | C89: 원자재 | D89: 45653 | E89: 태신전자 | F89: 제BEUP KNK24-1227-1호 | G89: 지아이씨 | H89: GIC CSP24-0913-1호 | I89: 홍콩MTR 333량 | J89: HK-MOP-SUB-A1 PCB | K89: HK-MOP-SUB-A1 PCB | L89: 결제완료 | M89: 80 | O89: 270000 | P89: 원 | Q89: 45681 | S89: O | T89: 45666 | U89: =O89*V89 -> 270000 | V89: 1 | W89: 납품 후 100% 지불 | X89: 45693 | Y89: 45681 | Z89: 45694 | AA89: 0.1 | AB89: =U89 -> 270000 | AC89: =AB89*AA89 -> 27000 | AD89: =SUM(AB89:AC89) -> 297000 | AF89: 1_BEUPSYS\5-1_업체구매요청서\1_부품구매요청서및계약서\㈜태신전자\GIC CSP24-0913-1호 NVRCTMMSR 3종생산\3_MOPSUB추가생산
A90: 87 | B90: 구매 | C90: 임가공 | D90: 45653 | E90: 아이리코 | F90: 제BEUP JDS24-1227-1호 | G90: 지아이씨 | H90: GIC CSP24-0923-1호 | I90: 홍콩MTR 333량 | J90: PCB코팅(MOP_MSR) | K90: PCB코팅(MOP_MSR) | L90: 결제완료 | M90: 680 | O90: 6898800 | P90: 원 | Q90: 45657 | S90: O | T90: 45657 | U90: =O90*V90 -> 6898800 | V90: 1 | W90: 제작완료시 지급 | Y90: 45657 | Z90: 45660 | AA90: 0.1 | AB90: =U90 -> 6898800 | AC90: =AB90*AA90 -> 689880 | AD90: =SUM(AB90:AC90) -> 7588680 | AF90: 1_BEUPSYS/5-1_업체구매요청서/1_부품구매요청서및계약서/아이리코(I RICCO)/240923_GIC CSP24-0923-1호_MSR PWR Board for MSR외 10종/제BEUP JDS24-1227-1호_홍콩보드코팅_아이리코
A91: 88 | B91: 구매 | C91: 원자재 | D91: 45659 | E91: 우석케미칼 | F91: 제BEUP JDS25-0102-1호 | G91: 지아이씨 | H91: GIC CSP24-0923-1호 | I91: 홍콩MTR 333량 | J91: HUMISEAL PCB 코팅액 | K91: HUMISEAL 1A33 Coating 04L 외 | L91: 결제완료 | M91: 1 | N91: 368000 | O91: =M91*N91 -> 368000 | P91: 원 | Q91: 45659 | S91: O | T91: 45659 | U91: =O91*V91 -> 368000 | V91: 1 | W91: 제작완료시 지급 | Y91: 45659 | Z91: 45678 | AA91: 0.1 | AB91: =U91 -> 368000 | AC91: =AB91*AA91 -> 36800 | AD91: =SUM(AB91:AC91) -> 404800 | AF91: 1_BEUPSYS/5-1_업체구매요청서/1_부품구매요청서및계약서/우석케미칼/240923_GIC CSP24-0923-1호_MSR PWR Board for MSR외 10종
A92: 89 | B92: 외주 | C92: 장비 | D92: 45659 | E92: 디에스테크놀러지 | F92: 제BEUP JDS25-0102-2호 | G92: 지아이씨 | H92: GIC CSP24-0923-1호 | I92: 홍콩MTR 333량 | J92: Development Tool | K92: PEEDI JTAG Emulator for MIPS32-4K | L92: 결제완료 | M92: 1 | N92: 3300000 | O92: =M92*N92 -> 3300000 | P92: 원 | Q92: 45673 | S92: O | T92: 45677 | U92: =O92*V92 -> 3300000 | V92: 1 | W92: 선금 100% | Y92: 45660 | Z92: 45660 | AA92: 0.1 | AB92: =U92 -> 3300000 | AC92: =AB92*AA92 -> 330000 | AD92: =SUM(AB92:AC92) -> 3630000 | AF92: 1_BEUPSYS/5-1_업체구매요청서/1_부품구매요청서및계약서/디에스테크놀로지/240923_GIC CSP24-0923-1호_MSR PWR Board for MSR외 10종
A93: 90 | B93: 구매 | C93: 원자재 | D93: 45666 | E93: 파츠맨 | F93: 제BEUP LDJ25-0109-1호 | G93: 지아이씨 | H93: GIC CSP24-0524-2호 | I93: 홍콩MTR 333량 | J93: HK MOP SUB PBA 사급자재 외 | K93: HK MOP SUB PBA 사급자재 외 | L93: 결제완료 | M93: 1 | N93: 2356000 | O93: =M93*N93 -> 2356000 | P93: 원 | Q93: =D93+14 -> 45680 | R93: 발주 후 2주내 | S93: O | T93: 45677 | U93: =O93*V93 -> 2356000 | V93: 1 | W93: 물품납기시 | X93: 45693 | Z93: 45694 | AA93: 0.1 | AB93: =U93 -> 2356000 | AC93: =AB93*AA93 -> 235600 | AD93: =SUM(AB93:AC93) -> 2591600 | AF93: 1_BEUPSYS\5-1_업체구매요청서\1_부품구매요청서및계약서\파츠맨\GIC CSP24-0524-2호_PSR-Hub외9종생산\2025-1 구매 진행
A94: 91 | B94: 구매 | C94: 임가공 | D94: 45666 | E94: 아이리코 | F94: 제BEUP LDJ25-0109-2호 | G94: 지아이씨 | H94: GIC CSP24-0524-2호 | I94: 홍콩MTR 333량 | J94: HK MOP SUB 보드 제작 외 | K94: HK MOP SUB 보드 제작 SMT 작업 | L94: 결제완료 | M94: 80 | N94: 13100 | O94: =M94*N94 -> 1048000 | P94: 원 | Q94: =D94+28 -> 45694 | R94: 발주 후 4주내 | S94: O | T94: 45680 | U94: =O94*V94 -> 1048000 | V94: 1 | W94: 물품납기시 | X94: 45693 | Y94: 45681 | Z94: 45694 | AA94: 0.1 | AB94: =U94 -> 1048000 | AC94: =AB94*AA94 -> 104800 | AD94: =SUM(AB94:AC94) -> 1152800 | AF94: 1_BEUPSYS\5-1_업체구매요청서\1_부품구매요청서및계약서\아이리코(I RICCO)\241016_GIC CSP24-0524-2호_PSR-Hub외9종생산\2025-1 구매 진행
A95: 92 | B95: 구매 | C95: 임가공 | D95: 45670 | E95: 메카전자 | F95: 제BEUP LDJ25-0113-1호 | G95: 지아이씨 | H95: GIC CSP24-0913-1호 | I95: 홍콩MTR 333량 | J95: HK CTM 보드 제작 | K95: HK CTM 보드 PCB 외 | L95: 결제완료 | M95: 80 | N95: 163600 | O95: =M95*N95 -> 13088000 | P95: 원 | Q95: =D95+14 -> 45684 | R95: 발주 후 2주내 | S95: O | T95: 45712 | U95: =O95*V95 -> 13088000 | V95: 1 | W95: 물품납기시 | X95: 45721 | Y95: 45713 | Z95: 45722 | AA95: 0.1 | AB95: =U95 -> 13088000 | AC95: =AB95*AA95 -> 1308800 | AD95: =SUM(AB95:AC95) -> 14396800 | AF95: 1_BEUPSYS\5-1_업체구매요청서\1_부품구매요청서및계약서\㈜메카전자\GIC CSP24-0913-1호_CTM 생산
A96: 93 | B96: 구매 | C96: 원자재 | D96: 45673 | E96: 아이닉스 | F96: 제BEUP JDS25-0116-1호 | G96: 지아이씨 | H96: GIC CSP24-0524-1호 | I96: 홍콩MTR 333량 | J96: HK MOP CTM 자재 | K96: RC16M23K 외 | L96: 결제완료 | M96: 1 | N96: 582000 | O96: =M96*N96 -> 582000 | P96: 원 | Q96: 45680 | R96: 발주 후 4주내 | S96: O | T96: 45666 | U96: =O96*V96 -> 582000 | V96: 1 | W96: 물품납기시 | X96: 45693 | Z96: 45694 | AA96: 0.1 | AB96: =U96 -> 582000 | AC96: =AB96*AA96 -> 58200 | AD96: =SUM(AB96:AC96) -> 640200 | AF96: 1_BEUPSYS/5-1_업체구매요청서/1_부품구매요청서및계약서/아이닉스/GIC CSP24-0524-1호_MOP외2종생산/제BEUP JDS25-0116-1호
A97: 94 | B97: 구매 | C97: 원자재 | D97: 45673 | E97: 이송이엠씨 | F97: 제BEUP JDS25-0116-2호 | G97: 지아이씨 | H97: GIC CSP24-0524-1호 | I97: 홍콩MTR 333량 | J97: 폼가스켓 | K97: SF050020R-C-NB-A (W5*T2*L1000mm) | L97: 결제완료 | M97: 100 | N97: 1800 | O97: =M97*N97 -> 180000 | P97: 원 | Q97: 45680 | R97: 발주 후 4주내 | S97: O | T97: 45680 | U97: =O97*V97 -> 180000 | V97: 1 | W97: 물품납기시 | X97: 45693 | Y97: 45680 | Z97: 45694 | AA97: 0.1 | AB97: =U97 -> 180000 | AC97: =AB97*AA97 -> 18000 | AD97: =SUM(AB97:AC97) -> 198000 | AF97: 1_BEUPSYS\5-1_업체구매요청서\1_부품구매요청서및계약서\㈜이송이엠씨\GIC CSP24-0524-1호_MOP외2종생산\제BEUP JDS25-0116-2호
A98: 95 | B98: 구매 | C98: 임가공 | D98: 45680 | E98: 아이리코 | F98: 제BEUP LDJ25-0123-1호 | G98: 지아이씨 | H98: GIC CSP24-0524-1호 | I98: 홍콩MTR 333량 | J98: MOP, CTM, MSR PCB 코팅 작업 외 | K98: MOP, CTM, MSR PCB 코팅 작업 외 | L98: 결제완료 | M98: 1 | N98: 6319200 | O98: =M98*N98 -> 6319200 | P98: 원 | Q98: 45708 | R98: 발주 후 4주내 | S98: O | T98: 45680 | U98: =O98*V98 -> 6319200 | V98: 1 | W98: 물품납기시 | X98: 45693 | Y98: 45681 | Z98: 45694 | AA98: 0.1 | AB98: =U98 -> 6319200 | AC98: =AB98*AA98 -> 631920 | AD98: =SUM(AB98:AC98) -> 6951120 | AF98: 1_BEUPSYS\5-1_업체구매요청서\1_부품구매요청서및계약서\아이리코(I RICCO)\240524_GIC CSP24-0524-1호_MOP외2종생산\제BEUP LDJ25-0123-1호
A99: 96 | B99: 구매 | C99: 원자재 | D99: 45680 | E99: 메카전자 | F99: 제BEUP LDJ25-0123-2호 | G99: 지아이씨 | H99: GIC CSP24-0913-1호 | I99: 홍콩MTR 333량 | J99: NVR 수리 자재 | K99: TPS650061RUKT 외 | L99: 결제완료 | M99: 1 | N99: 34280 | O99: =M99*N99 -> 34280 | P99: 원 | Q99: 45708 | R99: 발주 후 4주내 | S99: O | T99: 45693 | U99: =O99*V99 -> 34280 | V99: 1 | W99: 물품납기시 | X99: 45721 | Y99: 45693 | Z99: 45722 | AA99: 0.1 | AB99: =U99 -> 34280 | AC99: =AB99*AA99 -> 3428 | AD99: =SUM(AB99:AC99) -> 37708 | AF99: 1_BEUPSYS\5-1_업체구매요청서\1_부품구매요청서및계약서\㈜메카전자\GIC CSP24-0913-1호 NVRCTMMSR 3종생산\NVR 수리자재
A100: 97 | B100: 외주 | C100: 시험 | D100: 45680 | E100: 티엠에스 | F100: 제BEUP JDS25-0122-1호 | G100: 지아이씨 | H100: GIC CSP24-0524-1호 | I100: 홍콩MTR 333량 | J100: 홍콩 MOP, CTM, MSR 환경시험 | K100: 홍콩 MOP, CTM, MSR 환경시험 | L100: 결제완료 | M100: 1 | N100: 29900000 | O100: =M100*N100 -> 29900000 | P100: 원 | Q100: 45722 | R100: 발주 후 6주내 | S100: O | T100: 45740 | U100: =O100*V100 -> 29900000 | V100: 1 | W100: 시험완료 보고서 완료시 | X100: 45751 | Y100: 45741 | Z100: 45754 | AA100: 0.1 | AB100: =U100 -> 29900000 | AC100: =AB100*AA100 -> 2990000 | AD100: =SUM(AB100:AC100) -> 32890000 | AF100: 1_BEUPSYS\5-1_업체구매요청서\1_부품구매요청서및계약서\티엠에스(전자파 인증관리)\240524_GIC CSP24-0524-1호_MOP외2종생산
...

Sheet 참고
A1: 발주예정
A2: 발주완료
A3: 발주취소 | I3: 공급업체
A4: 입고완료 | I4: 고은효 | J4: 1
A5: 결제완료 | I5: 김민석 | J5: 2
B6: 품목 | C6: 수량 | D6: 단가 | E6: 금액 | I6: 김재현 | J6: 3
B7: PCB | C7: 200 | D7: 1670 | E7: =C7*D7 -> 334000 | I7: 나무 | M7: 1
B8: SMD | C8: 10 | D8: 40100 | E8: =C8*D8 -> 401000 | I8: 대성프로파일
B9: 수삽 | E9: =C9*D9 -> 0 | I9: 대현테크 | J9: 4
B10: 자재 | E10: =C10*D10 -> 0 | I10: 드림온테크 유한회사 | J10: 5
D11: =SUM(D7:D10) -> 41770 | E11: =SUM(E7:E10) -> 735000 | I11: 디에스테크놀러지 | J11: 6
I12: 만능
C13: 80 | D13: =D11 -> 41770 | E13: =C13*D13 -> 3341600 | I13: 메카전자 | J13: 7
I14: 미래로 | J14: 8
I15: 바이슨 | J15: 9
B16: Z:\1_BEUPSYS\5-1_업체구매요청서\1_부품구매요청서및계약서\㈜메카전자\GIC CSP24-0913-1호 NVRCTMMSR 3종생산\ZEUSCPU생산 | I16: 박진호 | J16: 10
I17: 세일엔지니어링 | J17: 11
I18: 아이닉스 | J18: 12
D19: 7561414 | E19: =D19/11*10 -> 6874012.7 | I19: 아이리코 | J19: 13
D20: 17643293 | E20: =D20/11*10 -> 16039357 | I20: 앤츠 | J20: 14
E21: =SUM(E19:E20) -> 22913370 | I21: 에쎈 | J21: 15
I22: 엔에스티정보통신 | J22: 16
I23: 우석케미칼 | J23: 17
I24: 위존
E25: 6874012.7 | I25: 유니퀘스트 | J25: 18
E26: 16039357 | I26: 유로
I27: 유에스케이 | J27: 19
I28: 이노웍스코리아 | J28: 20
I29: 이동진 | J29: 21
I30: 이송이엠씨 | J30: 22
C31: =D31/D33 -> 0.37938067 | D31: 16197119 | I31: 이엔엠테크놀러지 | J31: 23
C32: =D32/D33 -> 0.62061933 | D32: 26496461 | I32: 이예준 | J32: 24
C33: =D33/D35 -> 8624.9657 | D33: =SUM(D31:D32) -> 42693580 | I33: 이젠티에스 | J33: 25
I34: 이지파워 | J34: 26
D35: 4950 | I35: 일렉콤티에스 | J35: 27
D36: 6637950 | I36: 일성 | J36: 28
D37: =D36/D35 -> 1341 | I37: 캐드존 | J37: 29
I38: 태신전자 | J38: 30
I39: 텍시트코리아 | J39: 31
D40: 33521494 | E40: =D40/11*10 -> 30474085 | I40: 티렉스아이앤씨 | J40: 32
E41: 24200 | F41: 달러 | I41: 티엠에스 | J41: 33
E42: =E40/E41 -> 1259.2597 | F42: 환율 | I42: 파이오닉스 | J42: 34
I43: 파츠맨 | J43: 35
D44: 1259.2597 | I44: 한톨브릿지 | J44: 36
D45: =E41*D44 -> 30474085 | I45: 화인테크폴리머 | J45: 37
E50: 6637950
E51: 4950 | F51: 달러
E52: =E50/E51 -> 1341 | F52: 환율
C56: 1 | D56: 1132230
C57: 2 | D57: 1450690
C58: 3 | D58: 116850
C59: 4 | D59: 210750
C60: 5 | D60: 4034125
C61: 6 | D61: 8960700
C62: 합계 | D62: =SUM(D56:D61) -> 15905345
B67: 업체
B68: 메카전자
B69: 아이리코
B70: 일렉콤티에스
B71: 일성
B72: 캐드존
B73: 태신전자
B74: 파츠맨
I124: 아이리코
I125: 파츠맨
